{
  "BirkIntegrationServiceCore" : {
    "transaction" : "BirkIntegrationServiceCore",
    "sampleCount" : 100,
    "errorCount" : 0,
    "errorPct" : 0.0,
    "meanResTime" : 266.95000000000005,
    "medianResTime" : 56.0,
    "minResTime" : 44.0,
    "maxResTime" : 1551.0,
    "pct1ResTime" : 1013.3000000000005,
    "pct2ResTime" : 1294.0999999999995,
    "pct3ResTime" : 1550.78,
    "throughput" : 10.073536818777074,
    "receivedKBytesPerSec" : 5.745063966958799,
    "sentKBytesPerSec" : 6.502546716026997
  },
  "Total" : {
    "transaction" : "Total",
    "sampleCount" : 200,
    "errorCount" : 0,
    "errorPct" : 0.0,
    "meanResTime" : 220.71999999999986,
    "medianResTime" : 48.0,
    "minResTime" : 2.0,
    "maxResTime" : 1585.0,
    "pct1ResTime" : 1013.3000000000005,
    "pct2ResTime" : 1460.6499999999996,
    "pct3ResTime" : 1550.7800000000002,
    "throughput" : 20.42483660130719,
    "receivedKBytesPerSec" : 11.578728170955882,
    "sentKBytesPerSec" : 13.014849494485293
  },
  "BirkWorkflowServiceCore.HelloWorld" : {
    "transaction" : "BirkWorkflowServiceCore.HelloWorld",
    "sampleCount" : 100,
    "errorCount" : 0,
    "errorPct" : 0.0,
    "meanResTime" : 174.4900000000001,
    "medianResTime" : 4.0,
    "minResTime" : 2.0,
    "maxResTime" : 1585.0,
    "pct1ResTime" : 1251.3000000000065,
    "pct2ResTime" : 1469.9,
    "pct3ResTime" : 1584.2099999999996,
    "throughput" : 11.57809424568716,
    "receivedKBytesPerSec" : 6.523984745860831,
    "sentKBytesPerSec" : 7.28153583420169
  },
  "BirkWorkflowServiceCore" : {
    "transaction" : "BirkWorkflowServiceCore",
    "sampleCount" : 100,
    "errorCount" : 0,
    "errorPct" : 0.0,
    "meanResTime" : 174.4900000000001,
    "medianResTime" : 4.0,
    "minResTime" : 2.0,
    "maxResTime" : 1585.0,
    "pct1ResTime" : 1251.3000000000065,
    "pct2ResTime" : 1469.9,
    "pct3ResTime" : 1584.2099999999996,
    "throughput" : 11.566042100393247,
    "receivedKBytesPerSec" : 6.517193644459865,
    "sentKBytesPerSec" : 7.273956164700439
  },
  "BirkIntegrationServiceCore.HelloWorld" : {
    "transaction" : "BirkIntegrationServiceCore.HelloWorld",
    "sampleCount" : 100,
    "errorCount" : 0,
    "errorPct" : 0.0,
    "meanResTime" : 266.95000000000005,
    "medianResTime" : 56.0,
    "minResTime" : 44.0,
    "maxResTime" : 1551.0,
    "pct1ResTime" : 1013.3000000000005,
    "pct2ResTime" : 1294.0999999999995,
    "pct3ResTime" : 1550.78,
    "throughput" : 10.225994477962981,
    "receivedKBytesPerSec" : 5.832012475713263,
    "sentKBytesPerSec" : 6.600959326106964
  }
}