{
  "BirkIntegrationServiceCore" : {
    "transaction" : "BirkIntegrationServiceCore",
    "sampleCount" : 100,
    "errorCount" : 0,
    "errorPct" : 0.0,
    "meanResTime" : 2899.869999999999,
    "medianResTime" : 2753.5,
    "minResTime" : 45.0,
    "maxResTime" : 7506.0,
    "pct1ResTime" : 6102.3,
    "pct2ResTime" : 6983.099999999997,
    "pct3ResTime" : 7504.259999999999,
    "throughput" : 10.068465565847765,
    "receivedKBytesPerSec" : 5.742171768022553,
    "sentKBytesPerSec" : 6.499273182641965
  },
  "Total" : {
    "transaction" : "Total",
    "sampleCount" : 200,
    "errorCount" : 0,
    "errorPct" : 0.0,
    "meanResTime" : 1730.034999999999,
    "medianResTime" : 755.5,
    "minResTime" : 3.0,
    "maxResTime" : 7506.0,
    "pct1ResTime" : 5320.500000000001,
    "pct2ResTime" : 6106.649999999999,
    "pct3ResTime" : 7329.140000000003,
    "throughput" : 20.42483660130719,
    "receivedKBytesPerSec" : 11.578728170955882,
    "sentKBytesPerSec" : 13.014849494485293
  },
  "BirkWorkflowServiceCore.HelloWorld" : {
    "transaction" : "BirkWorkflowServiceCore.HelloWorld",
    "sampleCount" : 100,
    "errorCount" : 0,
    "errorPct" : 0.0,
    "meanResTime" : 560.2,
    "medianResTime" : 638.0,
    "minResTime" : 3.0,
    "maxResTime" : 1118.0,
    "pct1ResTime" : 943.8000000000001,
    "pct2ResTime" : 966.95,
    "pct3ResTime" : 1117.81,
    "throughput" : 36.603221083455345,
    "receivedKBytesPerSec" : 20.625057192532942,
    "sentKBytesPerSec" : 23.019994509516835
  },
  "BirkWorkflowServiceCore" : {
    "transaction" : "BirkWorkflowServiceCore",
    "sampleCount" : 100,
    "errorCount" : 0,
    "errorPct" : 0.0,
    "meanResTime" : 560.2,
    "medianResTime" : 638.0,
    "minResTime" : 3.0,
    "maxResTime" : 1118.0,
    "pct1ResTime" : 943.8000000000001,
    "pct2ResTime" : 966.95,
    "pct3ResTime" : 1117.81,
    "throughput" : 36.56307129798903,
    "receivedKBytesPerSec" : 20.602433729433272,
    "sentKBytesPerSec" : 22.994744058500917
  },
  "BirkIntegrationServiceCore.HelloWorld" : {
    "transaction" : "BirkIntegrationServiceCore.HelloWorld",
    "sampleCount" : 100,
    "errorCount" : 0,
    "errorPct" : 0.0,
    "meanResTime" : 2899.869999999999,
    "medianResTime" : 2753.5,
    "minResTime" : 45.0,
    "maxResTime" : 7506.0,
    "pct1ResTime" : 6102.3,
    "pct2ResTime" : 6983.099999999997,
    "pct3ResTime" : 7504.259999999999,
    "throughput" : 10.229132569558102,
    "receivedKBytesPerSec" : 5.833802168576105,
    "sentKBytesPerSec" : 6.602984988747954
  }
}