{
  "BirkIntegrationServiceCore" : {
    "transaction" : "BirkIntegrationServiceCore",
    "sampleCount" : 100,
    "errorCount" : 0,
    "errorPct" : 0.0,
    "meanResTime" : 260.85999999999996,
    "medianResTime" : 57.0,
    "minResTime" : 45.0,
    "maxResTime" : 1608.0,
    "pct1ResTime" : 817.4000000000001,
    "pct2ResTime" : 1063.6999999999998,
    "pct3ResTime" : 1606.3999999999992,
    "throughput" : 10.075566750629722,
    "receivedKBytesPerSec" : 5.746221662468513,
    "sentKBytesPerSec" : 6.503857052896725
  },
  "Total" : {
    "transaction" : "Total",
    "sampleCount" : 200,
    "errorCount" : 0,
    "errorPct" : 0.0,
    "meanResTime" : 210.0350000000001,
    "medianResTime" : 53.0,
    "minResTime" : 2.0,
    "maxResTime" : 1608.0,
    "pct1ResTime" : 852.7,
    "pct2ResTime" : 925.1499999999999,
    "pct3ResTime" : 1447.3200000000006,
    "throughput" : 20.391517128874387,
    "receivedKBytesPerSec" : 11.559839544249593,
    "sentKBytesPerSec" : 12.993618092373573
  },
  "BirkWorkflowServiceCore.HelloWorld" : {
    "transaction" : "BirkWorkflowServiceCore.HelloWorld",
    "sampleCount" : 100,
    "errorCount" : 0,
    "errorPct" : 0.0,
    "meanResTime" : 159.20999999999992,
    "medianResTime" : 4.0,
    "minResTime" : 2.0,
    "maxResTime" : 1068.0,
    "pct1ResTime" : 855.8,
    "pct2ResTime" : 881.95,
    "pct3ResTime" : 1066.5799999999992,
    "throughput" : 12.1153380179307,
    "receivedKBytesPerSec" : 6.8267090198691545,
    "sentKBytesPerSec" : 7.61941180033923
  },
  "BirkWorkflowServiceCore" : {
    "transaction" : "BirkWorkflowServiceCore",
    "sampleCount" : 100,
    "errorCount" : 0,
    "errorPct" : 0.0,
    "meanResTime" : 159.20999999999992,
    "medianResTime" : 4.0,
    "minResTime" : 2.0,
    "maxResTime" : 1068.0,
    "pct1ResTime" : 855.8,
    "pct2ResTime" : 881.95,
    "pct3ResTime" : 1066.5799999999992,
    "throughput" : 12.112403100775195,
    "receivedKBytesPerSec" : 6.825055262839147,
    "sentKBytesPerSec" : 7.617566012596899
  },
  "BirkIntegrationServiceCore.HelloWorld" : {
    "transaction" : "BirkIntegrationServiceCore.HelloWorld",
    "sampleCount" : 100,
    "errorCount" : 0,
    "errorPct" : 0.0,
    "meanResTime" : 260.85999999999996,
    "medianResTime" : 57.0,
    "minResTime" : 45.0,
    "maxResTime" : 1608.0,
    "pct1ResTime" : 817.4000000000001,
    "pct2ResTime" : 1063.6999999999998,
    "pct3ResTime" : 1606.3999999999992,
    "throughput" : 10.204081632653061,
    "receivedKBytesPerSec" : 5.819515306122448,
    "sentKBytesPerSec" : 6.586814413265306
  }
}