{
  "BirkIntegrationServiceCore" : {
    "transaction" : "BirkIntegrationServiceCore",
    "sampleCount" : 100,
    "errorCount" : 0,
    "errorPct" : 0.0,
    "meanResTime" : 153.59,
    "medianResTime" : 55.0,
    "minResTime" : 46.0,
    "maxResTime" : 1098.0,
    "pct1ResTime" : 544.5000000000007,
    "pct2ResTime" : 753.1999999999996,
    "pct3ResTime" : 1096.269999999999,
    "throughput" : 10.064412238325282,
    "receivedKBytesPerSec" : 5.739860104669887,
    "sentKBytesPerSec" : 6.496656728059581
  },
  "Total" : {
    "transaction" : "Total",
    "sampleCount" : 200,
    "errorCount" : 0,
    "errorPct" : 0.0,
    "meanResTime" : 121.37499999999991,
    "medianResTime" : 49.5,
    "minResTime" : 2.0,
    "maxResTime" : 1098.0,
    "pct1ResTime" : 406.50000000000034,
    "pct2ResTime" : 834.5999999999999,
    "pct3ResTime" : 952.7300000000002,
    "throughput" : 20.356234096692113,
    "receivedKBytesPerSec" : 11.539837786259543,
    "sentKBytesPerSec" : 12.971135496183207
  },
  "BirkWorkflowServiceCore.HelloWorld" : {
    "transaction" : "BirkWorkflowServiceCore.HelloWorld",
    "sampleCount" : 100,
    "errorCount" : 0,
    "errorPct" : 0.0,
    "meanResTime" : 89.17000000000004,
    "medianResTime" : 3.0,
    "minResTime" : 2.0,
    "maxResTime" : 953.0,
    "pct1ResTime" : 210.40000000000032,
    "pct2ResTime" : 882.9,
    "pct3ResTime" : 952.7299999999999,
    "throughput" : 11.475786091347258,
    "receivedKBytesPerSec" : 6.466336498737663,
    "sentKBytesPerSec" : 7.21719359651136
  },
  "BirkWorkflowServiceCore" : {
    "transaction" : "BirkWorkflowServiceCore",
    "sampleCount" : 100,
    "errorCount" : 0,
    "errorPct" : 0.0,
    "meanResTime" : 89.17000000000004,
    "medianResTime" : 3.0,
    "minResTime" : 2.0,
    "maxResTime" : 953.0,
    "pct1ResTime" : 210.40000000000032,
    "pct2ResTime" : 882.9,
    "pct3ResTime" : 952.7299999999999,
    "throughput" : 11.474469305794608,
    "receivedKBytesPerSec" : 6.465594520940907,
    "sentKBytesPerSec" : 7.216365461847389
  },
  "BirkIntegrationServiceCore.HelloWorld" : {
    "transaction" : "BirkIntegrationServiceCore.HelloWorld",
    "sampleCount" : 100,
    "errorCount" : 0,
    "errorPct" : 0.0,
    "meanResTime" : 153.58,
    "medianResTime" : 55.0,
    "minResTime" : 46.0,
    "maxResTime" : 1098.0,
    "pct1ResTime" : 544.5000000000007,
    "pct2ResTime" : 753.1999999999996,
    "pct3ResTime" : 1096.269999999999,
    "throughput" : 10.186411327289397,
    "receivedKBytesPerSec" : 5.809437710094733,
    "sentKBytesPerSec" : 6.5754080931038
  }
}