{
  "BirkIntegrationServiceCore" : {
    "transaction" : "BirkIntegrationServiceCore",
    "sampleCount" : 100,
    "errorCount" : 0,
    "errorPct" : 0.0,
    "meanResTime" : 450.3400000000002,
    "medianResTime" : 61.0,
    "minResTime" : 47.0,
    "maxResTime" : 1951.0,
    "pct1ResTime" : 1435.9,
    "pct2ResTime" : 1803.3499999999988,
    "pct3ResTime" : 1950.4799999999998,
    "throughput" : 10.079629069650236,
    "receivedKBytesPerSec" : 5.748538453784901,
    "sentKBytesPerSec" : 6.506479311561335
  },
  "Total" : {
    "transaction" : "Total",
    "sampleCount" : 200,
    "errorCount" : 0,
    "errorPct" : 0.0,
    "meanResTime" : 371.51000000000005,
    "medianResTime" : 54.0,
    "minResTime" : 3.0,
    "maxResTime" : 1951.0,
    "pct1ResTime" : 1450.3,
    "pct2ResTime" : 1569.95,
    "pct3ResTime" : 1899.0,
    "throughput" : 20.431096128307285,
    "receivedKBytesPerSec" : 11.582276662580448,
    "sentKBytesPerSec" : 13.018838109102054
  },
  "BirkWorkflowServiceCore.HelloWorld" : {
    "transaction" : "BirkWorkflowServiceCore.HelloWorld",
    "sampleCount" : 100,
    "errorCount" : 0,
    "errorPct" : 0.0,
    "meanResTime" : 292.6899999999998,
    "medianResTime" : 5.0,
    "minResTime" : 3.0,
    "maxResTime" : 1606.0,
    "pct1ResTime" : 1499.8000000000002,
    "pct2ResTime" : 1531.9,
    "pct3ResTime" : 1605.98,
    "throughput" : 12.753475322025253,
    "receivedKBytesPerSec" : 7.186284434383369,
    "sentKBytesPerSec" : 8.020740339242444
  },
  "BirkWorkflowServiceCore" : {
    "transaction" : "BirkWorkflowServiceCore",
    "sampleCount" : 100,
    "errorCount" : 0,
    "errorPct" : 0.0,
    "meanResTime" : 292.6899999999998,
    "medianResTime" : 5.0,
    "minResTime" : 3.0,
    "maxResTime" : 1606.0,
    "pct1ResTime" : 1499.8000000000002,
    "pct2ResTime" : 1531.9,
    "pct3ResTime" : 1605.98,
    "throughput" : 12.74534794799898,
    "receivedKBytesPerSec" : 7.181704849604894,
    "sentKBytesPerSec" : 8.015628982921234
  },
  "BirkIntegrationServiceCore.HelloWorld" : {
    "transaction" : "BirkIntegrationServiceCore.HelloWorld",
    "sampleCount" : 100,
    "errorCount" : 0,
    "errorPct" : 0.0,
    "meanResTime" : 450.3300000000001,
    "medianResTime" : 61.0,
    "minResTime" : 47.0,
    "maxResTime" : 1951.0,
    "pct1ResTime" : 1435.9,
    "pct2ResTime" : 1803.3499999999988,
    "pct3ResTime" : 1950.4799999999998,
    "throughput" : 10.225994477962981,
    "receivedKBytesPerSec" : 5.832012475713263,
    "sentKBytesPerSec" : 6.600959326106964
  }
}