{
  "BirkIntegrationServiceCore" : {
    "transaction" : "BirkIntegrationServiceCore",
    "sampleCount" : 100,
    "errorCount" : 0,
    "errorPct" : 0.0,
    "meanResTime" : 103.37,
    "medianResTime" : 52.0,
    "minResTime" : 44.0,
    "maxResTime" : 1094.0,
    "pct1ResTime" : 237.60000000000008,
    "pct2ResTime" : 492.09999999999843,
    "pct3ResTime" : 1090.4899999999982,
    "throughput" : 10.067451927917043,
    "receivedKBytesPerSec" : 5.741593677640189,
    "sentKBytesPerSec" : 6.498618871438639
  },
  "Total" : {
    "transaction" : "Total",
    "sampleCount" : 200,
    "errorCount" : 0,
    "errorPct" : 0.0,
    "meanResTime" : 61.744999999999955,
    "medianResTime" : 45.0,
    "minResTime" : 2.0,
    "maxResTime" : 1094.0,
    "pct1ResTime" : 135.30000000000004,
    "pct2ResTime" : 238.29999999999984,
    "pct3ResTime" : 741.890000000001,
    "throughput" : 20.345879959308242,
    "receivedKBytesPerSec" : 11.533968082400813,
    "sentKBytesPerSec" : 12.964537767039674
  },
  "BirkWorkflowServiceCore.HelloWorld" : {
    "transaction" : "BirkWorkflowServiceCore.HelloWorld",
    "sampleCount" : 100,
    "errorCount" : 0,
    "errorPct" : 0.0,
    "meanResTime" : 20.129999999999992,
    "medianResTime" : 3.0,
    "minResTime" : 2.0,
    "maxResTime" : 192.0,
    "pct1ResTime" : 106.60000000000048,
    "pct2ResTime" : 141.74999999999994,
    "pct3ResTime" : 191.89999999999995,
    "throughput" : 11.469205184080744,
    "receivedKBytesPerSec" : 6.462628311732997,
    "sentKBytesPerSec" : 7.21305482280078
  },
  "BirkWorkflowServiceCore" : {
    "transaction" : "BirkWorkflowServiceCore",
    "sampleCount" : 100,
    "errorCount" : 0,
    "errorPct" : 0.0,
    "meanResTime" : 20.129999999999992,
    "medianResTime" : 3.0,
    "minResTime" : 2.0,
    "maxResTime" : 192.0,
    "pct1ResTime" : 106.60000000000048,
    "pct2ResTime" : 141.74999999999994,
    "pct3ResTime" : 191.89999999999995,
    "throughput" : 11.465260261407932,
    "receivedKBytesPerSec" : 6.460405440265994,
    "sentKBytesPerSec" : 7.210573836276084
  },
  "BirkIntegrationServiceCore.HelloWorld" : {
    "transaction" : "BirkIntegrationServiceCore.HelloWorld",
    "sampleCount" : 100,
    "errorCount" : 0,
    "errorPct" : 0.0,
    "meanResTime" : 103.35999999999997,
    "medianResTime" : 52.0,
    "minResTime" : 44.0,
    "maxResTime" : 1094.0,
    "pct1ResTime" : 237.60000000000008,
    "pct2ResTime" : 492.09999999999843,
    "pct3ResTime" : 1090.4899999999982,
    "throughput" : 10.184336490477644,
    "receivedKBytesPerSec" : 5.808254404725532,
    "sentKBytesPerSec" : 6.574068769732151
  }
}