{
  "BirkIntegrationServiceCore" : {
    "transaction" : "BirkIntegrationServiceCore",
    "sampleCount" : 100,
    "errorCount" : 0,
    "errorPct" : 0.0,
    "meanResTime" : 3220.5300000000007,
    "medianResTime" : 2989.5,
    "minResTime" : 47.0,
    "maxResTime" : 7739.0,
    "pct1ResTime" : 6541.700000000001,
    "pct2ResTime" : 7224.849999999999,
    "pct3ResTime" : 7737.799999999999,
    "throughput" : 10.071507704703393,
    "receivedKBytesPerSec" : 5.743906737838654,
    "sentKBytesPerSec" : 6.501236907039984
  },
  "Total" : {
    "transaction" : "Total",
    "sampleCount" : 200,
    "errorCount" : 0,
    "errorPct" : 0.0,
    "meanResTime" : 1863.4700000000005,
    "medianResTime" : 687.0,
    "minResTime" : 4.0,
    "maxResTime" : 7739.0,
    "pct1ResTime" : 5852.6,
    "pct2ResTime" : 6545.349999999999,
    "pct3ResTime" : 7617.230000000001,
    "throughput" : 19.182812200268557,
    "receivedKBytesPerSec" : 10.874631330328025,
    "sentKBytesPerSec" : 12.22342281315941
  },
  "BirkWorkflowServiceCore.HelloWorld" : {
    "transaction" : "BirkWorkflowServiceCore.HelloWorld",
    "sampleCount" : 100,
    "errorCount" : 0,
    "errorPct" : 0.0,
    "meanResTime" : 506.40999999999997,
    "medianResTime" : 581.0,
    "minResTime" : 4.0,
    "maxResTime" : 982.0,
    "pct1ResTime" : 825.6,
    "pct2ResTime" : 912.95,
    "pct3ResTime" : 981.98,
    "throughput" : 37.4251497005988,
    "receivedKBytesPerSec" : 21.088194704341316,
    "sentKBytesPerSec" : 23.536910553892213
  },
  "BirkWorkflowServiceCore" : {
    "transaction" : "BirkWorkflowServiceCore",
    "sampleCount" : 100,
    "errorCount" : 0,
    "errorPct" : 0.0,
    "meanResTime" : 506.40999999999997,
    "medianResTime" : 581.0,
    "minResTime" : 4.0,
    "maxResTime" : 982.0,
    "pct1ResTime" : 825.6,
    "pct2ResTime" : 912.95,
    "pct3ResTime" : 981.98,
    "throughput" : 37.38317757009346,
    "receivedKBytesPerSec" : 21.064544392523366,
    "sentKBytesPerSec" : 23.51051401869159
  },
  "BirkIntegrationServiceCore.HelloWorld" : {
    "transaction" : "BirkIntegrationServiceCore.HelloWorld",
    "sampleCount" : 100,
    "errorCount" : 0,
    "errorPct" : 0.0,
    "meanResTime" : 3220.5300000000007,
    "medianResTime" : 2989.5,
    "minResTime" : 47.0,
    "maxResTime" : 7739.0,
    "pct1ResTime" : 6541.700000000001,
    "pct2ResTime" : 7224.849999999999,
    "pct3ResTime" : 7737.799999999999,
    "throughput" : 10.194719135487817,
    "receivedKBytesPerSec" : 5.814175756957896,
    "sentKBytesPerSec" : 6.580770848200633
  }
}