{
  "BirkIntegrationServiceCore" : {
    "transaction" : "BirkIntegrationServiceCore",
    "sampleCount" : 100,
    "errorCount" : 0,
    "errorPct" : 0.0,
    "meanResTime" : 3147.380000000002,
    "medianResTime" : 2889.0,
    "minResTime" : 56.0,
    "maxResTime" : 7636.0,
    "pct1ResTime" : 6643.5,
    "pct2ResTime" : 7191.249999999999,
    "pct3ResTime" : 7635.0599999999995,
    "throughput" : 10.071507704703393,
    "receivedKBytesPerSec" : 5.743906737838654,
    "sentKBytesPerSec" : 6.501236907039984
  },
  "Total" : {
    "transaction" : "Total",
    "sampleCount" : 200,
    "errorCount" : 0,
    "errorPct" : 0.0,
    "meanResTime" : 1769.9550000000013,
    "medianResTime" : 595.5,
    "minResTime" : 4.0,
    "maxResTime" : 7636.0,
    "pct1ResTime" : 5863.3,
    "pct2ResTime" : 6647.249999999999,
    "pct3ResTime" : 7541.26,
    "throughput" : 20.35830618892508,
    "receivedKBytesPerSec" : 11.541012444014658,
    "sentKBytesPerSec" : 12.972455847923452
  },
  "BirkWorkflowServiceCore.HelloWorld" : {
    "transaction" : "BirkWorkflowServiceCore.HelloWorld",
    "sampleCount" : 100,
    "errorCount" : 0,
    "errorPct" : 0.0,
    "meanResTime" : 392.53000000000003,
    "medianResTime" : 447.5,
    "minResTime" : 4.0,
    "maxResTime" : 738.0,
    "pct1ResTime" : 641.0,
    "pct2ResTime" : 664.5999999999999,
    "pct3ResTime" : 737.4799999999998,
    "throughput" : 46.06172270842929,
    "receivedKBytesPerSec" : 25.95470117457393,
    "sentKBytesPerSec" : 28.968505297098115
  },
  "BirkWorkflowServiceCore" : {
    "transaction" : "BirkWorkflowServiceCore",
    "sampleCount" : 100,
    "errorCount" : 0,
    "errorPct" : 0.0,
    "meanResTime" : 392.53000000000003,
    "medianResTime" : 447.5,
    "minResTime" : 4.0,
    "maxResTime" : 738.0,
    "pct1ResTime" : 641.0,
    "pct2ResTime" : 664.5999999999999,
    "pct3ResTime" : 737.4799999999998,
    "throughput" : 45.93477262287551,
    "receivedKBytesPerSec" : 25.883167776757006,
    "sentKBytesPerSec" : 28.888665594855304
  },
  "BirkIntegrationServiceCore.HelloWorld" : {
    "transaction" : "BirkIntegrationServiceCore.HelloWorld",
    "sampleCount" : 100,
    "errorCount" : 0,
    "errorPct" : 0.0,
    "meanResTime" : 3147.380000000002,
    "medianResTime" : 2889.0,
    "minResTime" : 56.0,
    "maxResTime" : 7636.0,
    "pct1ResTime" : 6643.5,
    "pct2ResTime" : 7191.249999999999,
    "pct3ResTime" : 7635.0599999999995,
    "throughput" : 10.194719135487817,
    "receivedKBytesPerSec" : 5.814175756957896,
    "sentKBytesPerSec" : 6.580770848200633
  }
}