{
  "BirkIntegrationServiceCore" : {
    "transaction" : "BirkIntegrationServiceCore",
    "sampleCount" : 100,
    "errorCount" : 0,
    "errorPct" : 0.0,
    "meanResTime" : 3070.4499999999994,
    "medianResTime" : 2861.0,
    "minResTime" : 48.0,
    "maxResTime" : 7437.0,
    "pct1ResTime" : 6324.5,
    "pct2ResTime" : 6743.149999999999,
    "pct3ResTime" : 7435.079999999999,
    "throughput" : 10.063399416322834,
    "receivedKBytesPerSec" : 5.739282479621616,
    "sentKBytesPerSec" : 6.49600294354433
  },
  "Total" : {
    "transaction" : "Total",
    "sampleCount" : 200,
    "errorCount" : 0,
    "errorPct" : 0.0,
    "meanResTime" : 1846.469999999999,
    "medianResTime" : 784.0,
    "minResTime" : 4.0,
    "maxResTime" : 7437.0,
    "pct1ResTime" : 5618.500000000001,
    "pct2ResTime" : 6326.25,
    "pct3ResTime" : 7242.310000000002,
    "throughput" : 20.376974019358126,
    "receivedKBytesPerSec" : 11.551595134997454,
    "sentKBytesPerSec" : 12.984351120733571
  },
  "BirkWorkflowServiceCore.HelloWorld" : {
    "transaction" : "BirkWorkflowServiceCore.HelloWorld",
    "sampleCount" : 100,
    "errorCount" : 0,
    "errorPct" : 0.0,
    "meanResTime" : 622.4900000000001,
    "medianResTime" : 688.0,
    "minResTime" : 4.0,
    "maxResTime" : 1190.0,
    "pct1ResTime" : 1071.6,
    "pct2ResTime" : 1171.5,
    "pct3ResTime" : 1189.95,
    "throughput" : 41.597337770382694,
    "receivedKBytesPerSec" : 23.439124896006657,
    "sentKBytesPerSec" : 26.160825707154743
  },
  "BirkWorkflowServiceCore" : {
    "transaction" : "BirkWorkflowServiceCore",
    "sampleCount" : 100,
    "errorCount" : 0,
    "errorPct" : 0.0,
    "meanResTime" : 622.4900000000001,
    "medianResTime" : 688.0,
    "minResTime" : 4.0,
    "maxResTime" : 1190.0,
    "pct1ResTime" : 1071.6,
    "pct2ResTime" : 1171.5,
    "pct3ResTime" : 1189.95,
    "throughput" : 41.58004158004158,
    "receivedKBytesPerSec" : 23.4293788981289,
    "sentKBytesPerSec" : 26.149948024948028
  },
  "BirkIntegrationServiceCore.HelloWorld" : {
    "transaction" : "BirkIntegrationServiceCore.HelloWorld",
    "sampleCount" : 100,
    "errorCount" : 0,
    "errorPct" : 0.0,
    "meanResTime" : 3070.4499999999994,
    "medianResTime" : 2861.0,
    "minResTime" : 48.0,
    "maxResTime" : 7437.0,
    "pct1ResTime" : 6324.5,
    "pct2ResTime" : 6743.149999999999,
    "pct3ResTime" : 7435.079999999999,
    "throughput" : 10.197838058331634,
    "receivedKBytesPerSec" : 5.81595451764226,
    "sentKBytesPerSec" : 6.582784137262901
  }
}