{
  "BirkIntegrationServiceCore" : {
    "transaction" : "BirkIntegrationServiceCore",
    "sampleCount" : 100,
    "errorCount" : 0,
    "errorPct" : 0.0,
    "meanResTime" : 245.08000000000004,
    "medianResTime" : 58.0,
    "minResTime" : 44.0,
    "maxResTime" : 1522.0,
    "pct1ResTime" : 821.4000000000001,
    "pct2ResTime" : 1168.1999999999994,
    "pct3ResTime" : 1520.8699999999994,
    "throughput" : 10.075566750629722,
    "receivedKBytesPerSec" : 5.746221662468513,
    "sentKBytesPerSec" : 6.503857052896725
  },
  "Total" : {
    "transaction" : "Total",
    "sampleCount" : 200,
    "errorCount" : 0,
    "errorPct" : 0.0,
    "meanResTime" : 196.12499999999997,
    "medianResTime" : 50.0,
    "minResTime" : 2.0,
    "maxResTime" : 1522.0,
    "pct1ResTime" : 823.1,
    "pct2ResTime" : 933.55,
    "pct3ResTime" : 1408.2100000000007,
    "throughput" : 20.42275094455223,
    "receivedKBytesPerSec" : 11.577545823547434,
    "sentKBytesPerSec" : 13.013520499336261
  },
  "BirkWorkflowServiceCore.HelloWorld" : {
    "transaction" : "BirkWorkflowServiceCore.HelloWorld",
    "sampleCount" : 100,
    "errorCount" : 0,
    "errorPct" : 0.0,
    "meanResTime" : 147.17000000000004,
    "medianResTime" : 4.0,
    "minResTime" : 2.0,
    "maxResTime" : 1019.0,
    "pct1ResTime" : 826.7,
    "pct2ResTime" : 903.4999999999999,
    "pct3ResTime" : 1018.1499999999995,
    "throughput" : 12.153621779290228,
    "receivedKBytesPerSec" : 6.8482810221195916,
    "sentKBytesPerSec" : 7.643488697131746
  },
  "BirkWorkflowServiceCore" : {
    "transaction" : "BirkWorkflowServiceCore",
    "sampleCount" : 100,
    "errorCount" : 0,
    "errorPct" : 0.0,
    "meanResTime" : 147.17000000000004,
    "medianResTime" : 4.0,
    "minResTime" : 2.0,
    "maxResTime" : 1019.0,
    "pct1ResTime" : 826.7,
    "pct2ResTime" : 903.4999999999999,
    "pct3ResTime" : 1018.1499999999995,
    "throughput" : 12.10507202517855,
    "receivedKBytesPerSec" : 6.820924373562523,
    "sentKBytesPerSec" : 7.612955453334948
  },
  "BirkIntegrationServiceCore.HelloWorld" : {
    "transaction" : "BirkIntegrationServiceCore.HelloWorld",
    "sampleCount" : 100,
    "errorCount" : 0,
    "errorPct" : 0.0,
    "meanResTime" : 245.08000000000004,
    "medianResTime" : 58.0,
    "minResTime" : 44.0,
    "maxResTime" : 1522.0,
    "pct1ResTime" : 821.4000000000001,
    "pct2ResTime" : 1168.1999999999994,
    "pct3ResTime" : 1520.8699999999994,
    "throughput" : 10.219724067450178,
    "receivedKBytesPerSec" : 5.82843638221768,
    "sentKBytesPerSec" : 6.596911727133367
  }
}