{
  "BirkIntegrationServiceCore" : {
    "transaction" : "BirkIntegrationServiceCore",
    "sampleCount" : 100,
    "errorCount" : 0,
    "errorPct" : 0.0,
    "meanResTime" : 175.64,
    "medianResTime" : 50.5,
    "minResTime" : 42.0,
    "maxResTime" : 1028.0,
    "pct1ResTime" : 583.7,
    "pct2ResTime" : 862.7499999999993,
    "pct3ResTime" : 1027.4699999999998,
    "throughput" : 10.079629069650236,
    "receivedKBytesPerSec" : 5.748538453784901,
    "sentKBytesPerSec" : 6.506479311561335
  },
  "Total" : {
    "transaction" : "Total",
    "sampleCount" : 200,
    "errorCount" : 0,
    "errorPct" : 0.0,
    "meanResTime" : 146.69499999999996,
    "medianResTime" : 46.0,
    "minResTime" : 2.0,
    "maxResTime" : 1028.0,
    "pct1ResTime" : 621.8000000000002,
    "pct2ResTime" : 958.95,
    "pct3ResTime" : 997.8400000000001,
    "throughput" : 20.383204239706483,
    "receivedKBytesPerSec" : 11.55512701284142,
    "sentKBytesPerSec" : 12.98832106094578
  },
  "BirkWorkflowServiceCore.HelloWorld" : {
    "transaction" : "BirkWorkflowServiceCore.HelloWorld",
    "sampleCount" : 100,
    "errorCount" : 0,
    "errorPct" : 0.0,
    "meanResTime" : 117.75999999999992,
    "medianResTime" : 3.0,
    "minResTime" : 2.0,
    "maxResTime" : 998.0,
    "pct1ResTime" : 912.6000000000017,
    "pct2ResTime" : 972.9,
    "pct3ResTime" : 997.8399999999999,
    "throughput" : 11.335298118340512,
    "receivedKBytesPerSec" : 6.387174818635231,
    "sentKBytesPerSec" : 7.128839832237588
  },
  "BirkWorkflowServiceCore" : {
    "transaction" : "BirkWorkflowServiceCore",
    "sampleCount" : 100,
    "errorCount" : 0,
    "errorPct" : 0.0,
    "meanResTime" : 117.75999999999992,
    "medianResTime" : 3.0,
    "minResTime" : 2.0,
    "maxResTime" : 998.0,
    "pct1ResTime" : 912.6000000000017,
    "pct2ResTime" : 972.9,
    "pct3ResTime" : 997.8399999999999,
    "throughput" : 11.332728921124207,
    "receivedKBytesPerSec" : 6.385727136219402,
    "sentKBytesPerSec" : 7.1272240480507705
  },
  "BirkIntegrationServiceCore.HelloWorld" : {
    "transaction" : "BirkIntegrationServiceCore.HelloWorld",
    "sampleCount" : 100,
    "errorCount" : 0,
    "errorPct" : 0.0,
    "meanResTime" : 175.62999999999982,
    "medianResTime" : 50.5,
    "minResTime" : 42.0,
    "maxResTime" : 1028.0,
    "pct1ResTime" : 583.7,
    "pct2ResTime" : 862.7499999999993,
    "pct3ResTime" : 1027.4699999999998,
    "throughput" : 10.201999591920016,
    "receivedKBytesPerSec" : 5.818327892266884,
    "sentKBytesPerSec" : 6.5854704397061825
  }
}