{
  "BirkIntegrationServiceCore" : {
    "transaction" : "BirkIntegrationServiceCore",
    "sampleCount" : 100,
    "errorCount" : 0,
    "errorPct" : 0.0,
    "meanResTime" : 3082.75,
    "medianResTime" : 2780.0,
    "minResTime" : 48.0,
    "maxResTime" : 7664.0,
    "pct1ResTime" : 6718.200000000001,
    "pct2ResTime" : 7211.399999999998,
    "pct3ResTime" : 7662.489999999999,
    "throughput" : 10.040160642570282,
    "receivedKBytesPerSec" : 5.726029116465863,
    "sentKBytesPerSec" : 6.481002133534136
  },
  "Total" : {
    "transaction" : "Total",
    "sampleCount" : 200,
    "errorCount" : 0,
    "errorPct" : 0.0,
    "meanResTime" : 1772.9549999999997,
    "medianResTime" : 607.5,
    "minResTime" : 3.0,
    "maxResTime" : 7664.0,
    "pct1ResTime" : 5865.6,
    "pct2ResTime" : 6723.5999999999985,
    "pct3ResTime" : 7512.5,
    "throughput" : 20.387359836901123,
    "receivedKBytesPerSec" : 11.557482798165138,
    "sentKBytesPerSec" : 12.990969036697248
  },
  "BirkWorkflowServiceCore.HelloWorld" : {
    "transaction" : "BirkWorkflowServiceCore.HelloWorld",
    "sampleCount" : 100,
    "errorCount" : 0,
    "errorPct" : 0.0,
    "meanResTime" : 463.1599999999998,
    "medianResTime" : 484.0,
    "minResTime" : 3.0,
    "maxResTime" : 1159.0,
    "pct1ResTime" : 975.0000000000005,
    "pct2ResTime" : 1029.8,
    "pct3ResTime" : 1158.3699999999997,
    "throughput" : 43.859649122807014,
    "receivedKBytesPerSec" : 24.713884320175442,
    "sentKBytesPerSec" : 27.583607456140353
  },
  "BirkWorkflowServiceCore" : {
    "transaction" : "BirkWorkflowServiceCore",
    "sampleCount" : 100,
    "errorCount" : 0,
    "errorPct" : 0.0,
    "meanResTime" : 463.17,
    "medianResTime" : 484.0,
    "minResTime" : 3.0,
    "maxResTime" : 1159.0,
    "pct1ResTime" : 975.0000000000005,
    "pct2ResTime" : 1029.8,
    "pct3ResTime" : 1158.3699999999997,
    "throughput" : 43.802014892685065,
    "receivedKBytesPerSec" : 24.681408782303986,
    "sentKBytesPerSec" : 27.547360928602718
  },
  "BirkIntegrationServiceCore.HelloWorld" : {
    "transaction" : "BirkIntegrationServiceCore.HelloWorld",
    "sampleCount" : 100,
    "errorCount" : 0,
    "errorPct" : 0.0,
    "meanResTime" : 3082.75,
    "medianResTime" : 2780.0,
    "minResTime" : 48.0,
    "maxResTime" : 7664.0,
    "pct1ResTime" : 6718.200000000001,
    "pct2ResTime" : 7211.399999999998,
    "pct3ResTime" : 7662.489999999999,
    "throughput" : 10.203040506070808,
    "receivedKBytesPerSec" : 5.8189215386185085,
    "sentKBytesPerSec" : 6.586142357922661
  }
}