{
  "BirkIntegrationServiceCore" : {
    "transaction" : "BirkIntegrationServiceCore",
    "sampleCount" : 100,
    "errorCount" : 0,
    "errorPct" : 0.0,
    "meanResTime" : 3407.459999999999,
    "medianResTime" : 3244.0,
    "minResTime" : 92.0,
    "maxResTime" : 7762.0,
    "pct1ResTime" : 6720.1,
    "pct2ResTime" : 7281.499999999999,
    "pct3ResTime" : 7761.62,
    "throughput" : 9.394964299135664,
    "receivedKBytesPerSec" : 5.358065576850808,
    "sentKBytesPerSec" : 6.064522853250658
  },
  "Total" : {
    "transaction" : "Total",
    "sampleCount" : 200,
    "errorCount" : 0,
    "errorPct" : 0.0,
    "meanResTime" : 1978.139999999997,
    "medianResTime" : 819.0,
    "minResTime" : 9.0,
    "maxResTime" : 7762.0,
    "pct1ResTime" : 5987.2,
    "pct2ResTime" : 6723.549999999999,
    "pct3ResTime" : 7722.380000000001,
    "throughput" : 18.96453631708705,
    "receivedKBytesPerSec" : 10.750891925848663,
    "sentKBytesPerSec" : 12.084335885643847
  },
  "BirkWorkflowServiceCore.HelloWorld" : {
    "transaction" : "BirkWorkflowServiceCore.HelloWorld",
    "sampleCount" : 100,
    "errorCount" : 0,
    "errorPct" : 0.0,
    "meanResTime" : 548.8199999999999,
    "medianResTime" : 619.0,
    "minResTime" : 9.0,
    "maxResTime" : 1024.0,
    "pct1ResTime" : 886.9,
    "pct2ResTime" : 932.8499999999999,
    "pct3ResTime" : 1023.7799999999999,
    "throughput" : 35.80379520229144,
    "receivedKBytesPerSec" : 20.174599445041174,
    "sentKBytesPerSec" : 22.5172305764411
  },
  "BirkWorkflowServiceCore" : {
    "transaction" : "BirkWorkflowServiceCore",
    "sampleCount" : 100,
    "errorCount" : 0,
    "errorPct" : 0.0,
    "meanResTime" : 548.8199999999999,
    "medianResTime" : 619.0,
    "minResTime" : 9.0,
    "maxResTime" : 1024.0,
    "pct1ResTime" : 886.9,
    "pct2ResTime" : 932.8499999999999,
    "pct3ResTime" : 1023.7799999999999,
    "throughput" : 35.79098067287044,
    "receivedKBytesPerSec" : 20.16737875805297,
    "sentKBytesPerSec" : 22.509171438797424
  },
  "BirkIntegrationServiceCore.HelloWorld" : {
    "transaction" : "BirkIntegrationServiceCore.HelloWorld",
    "sampleCount" : 100,
    "errorCount" : 0,
    "errorPct" : 0.0,
    "meanResTime" : 3407.459999999999,
    "medianResTime" : 3244.0,
    "minResTime" : 92.0,
    "maxResTime" : 7762.0,
    "pct1ResTime" : 6720.1,
    "pct2ResTime" : 7281.499999999999,
    "pct3ResTime" : 7761.62,
    "throughput" : 9.501187648456057,
    "receivedKBytesPerSec" : 5.4186460807600945,
    "sentKBytesPerSec" : 6.133090855106889
  }
}