{
  "BirkIntegrationServiceCore" : {
    "transaction" : "BirkIntegrationServiceCore",
    "sampleCount" : 100,
    "errorCount" : 0,
    "errorPct" : 0.0,
    "meanResTime" : 5884.039999999999,
    "medianResTime" : 5601.5,
    "minResTime" : 969.0,
    "maxResTime" : 11033.0,
    "pct1ResTime" : 10113.300000000001,
    "pct2ResTime" : 10417.199999999999,
    "pct3ResTime" : 11032.64,
    "throughput" : 8.873901854645489,
    "receivedKBytesPerSec" : 5.060897151477505,
    "sentKBytesPerSec" : 5.728172974531901
  },
  "Total" : {
    "transaction" : "Total",
    "sampleCount" : 200,
    "errorCount" : 0,
    "errorPct" : 0.0,
    "meanResTime" : 3209.1799999999985,
    "medianResTime" : 1066.0,
    "minResTime" : 303.0,
    "maxResTime" : 11033.0,
    "pct1ResTime" : 8977.6,
    "pct2ResTime" : 10121.149999999998,
    "pct3ResTime" : 10996.93,
    "throughput" : 17.26966583196615,
    "receivedKBytesPerSec" : 9.790079116656592,
    "sentKBytesPerSec" : 11.004352495466714
  },
  "BirkWorkflowServiceCore.HelloWorld" : {
    "transaction" : "BirkWorkflowServiceCore.HelloWorld",
    "sampleCount" : 100,
    "errorCount" : 0,
    "errorPct" : 0.0,
    "meanResTime" : 534.3199999999999,
    "medianResTime" : 496.5,
    "minResTime" : 303.0,
    "maxResTime" : 1070.0,
    "pct1ResTime" : 778.3000000000001,
    "pct2ResTime" : 1049.3999999999999,
    "pct3ResTime" : 1069.92,
    "throughput" : 87.87346221441125,
    "receivedKBytesPerSec" : 49.514636423550094,
    "sentKBytesPerSec" : 55.26416959578208
  },
  "BirkWorkflowServiceCore" : {
    "transaction" : "BirkWorkflowServiceCore",
    "sampleCount" : 100,
    "errorCount" : 0,
    "errorPct" : 0.0,
    "meanResTime" : 534.3199999999998,
    "medianResTime" : 496.5,
    "minResTime" : 303.0,
    "maxResTime" : 1070.0,
    "pct1ResTime" : 778.3000000000001,
    "pct2ResTime" : 1049.3999999999999,
    "pct3ResTime" : 1069.92,
    "throughput" : 89.44543828264759,
    "receivedKBytesPerSec" : 50.40040809481216,
    "sentKBytesPerSec" : 56.252795169946324
  },
  "BirkIntegrationServiceCore.HelloWorld" : {
    "transaction" : "BirkIntegrationServiceCore.HelloWorld",
    "sampleCount" : 100,
    "errorCount" : 0,
    "errorPct" : 0.0,
    "meanResTime" : 5884.039999999999,
    "medianResTime" : 5601.5,
    "minResTime" : 969.0,
    "maxResTime" : 11033.0,
    "pct1ResTime" : 10113.300000000001,
    "pct2ResTime" : 10417.199999999999,
    "pct3ResTime" : 11032.64,
    "throughput" : 9.018759018759019,
    "receivedKBytesPerSec" : 5.143511002886004,
    "sentKBytesPerSec" : 5.821679405663781
  }
}