{
  "BirkIntegrationServiceCore" : {
    "transaction" : "BirkIntegrationServiceCore",
    "sampleCount" : 100,
    "errorCount" : 0,
    "errorPct" : 0.0,
    "meanResTime" : 204.8099999999999,
    "medianResTime" : 55.0,
    "minResTime" : 45.0,
    "maxResTime" : 1268.0,
    "pct1ResTime" : 685.3000000000001,
    "pct2ResTime" : 825.5999999999999,
    "pct3ResTime" : 1266.1999999999991,
    "throughput" : 10.075566750629722,
    "receivedKBytesPerSec" : 5.746221662468513,
    "sentKBytesPerSec" : 6.503857052896725
  },
  "Total" : {
    "transaction" : "Total",
    "sampleCount" : 200,
    "errorCount" : 0,
    "errorPct" : 0.0,
    "meanResTime" : 145.10499999999993,
    "medianResTime" : 48.0,
    "minResTime" : 2.0,
    "maxResTime" : 1268.0,
    "pct1ResTime" : 592.8,
    "pct2ResTime" : 826.0,
    "pct3ResTime" : 1085.900000000002,
    "throughput" : 20.395676116663267,
    "receivedKBytesPerSec" : 11.562197251682644,
    "sentKBytesPerSec" : 12.99626822863553
  },
  "BirkWorkflowServiceCore.HelloWorld" : {
    "transaction" : "BirkWorkflowServiceCore.HelloWorld",
    "sampleCount" : 100,
    "errorCount" : 0,
    "errorPct" : 0.0,
    "meanResTime" : 85.42,
    "medianResTime" : 3.0,
    "minResTime" : 2.0,
    "maxResTime" : 853.0,
    "pct1ResTime" : 202.70000000000002,
    "pct2ResTime" : 835.4999999999999,
    "pct3ResTime" : 852.9499999999999,
    "throughput" : 11.682242990654204,
    "receivedKBytesPerSec" : 6.582670122663551,
    "sentKBytesPerSec" : 7.347035630841121
  },
  "BirkWorkflowServiceCore" : {
    "transaction" : "BirkWorkflowServiceCore",
    "sampleCount" : 100,
    "errorCount" : 0,
    "errorPct" : 0.0,
    "meanResTime" : 85.42,
    "medianResTime" : 3.0,
    "minResTime" : 2.0,
    "maxResTime" : 853.0,
    "pct1ResTime" : 202.70000000000002,
    "pct2ResTime" : 835.4999999999999,
    "pct3ResTime" : 852.9499999999999,
    "throughput" : 11.661807580174926,
    "receivedKBytesPerSec" : 6.571155247813412,
    "sentKBytesPerSec" : 7.334183673469388
  },
  "BirkIntegrationServiceCore.HelloWorld" : {
    "transaction" : "BirkIntegrationServiceCore.HelloWorld",
    "sampleCount" : 100,
    "errorCount" : 0,
    "errorPct" : 0.0,
    "meanResTime" : 204.79000000000002,
    "medianResTime" : 55.0,
    "minResTime" : 45.0,
    "maxResTime" : 1268.0,
    "pct1ResTime" : 685.3000000000001,
    "pct2ResTime" : 825.5999999999999,
    "pct3ResTime" : 1266.1999999999991,
    "throughput" : 10.207206287639075,
    "receivedKBytesPerSec" : 5.821297335919159,
    "sentKBytesPerSec" : 6.588831402470143
  }
}