{
  "BirkIntegrationServiceCore" : {
    "transaction" : "BirkIntegrationServiceCore",
    "sampleCount" : 100,
    "errorCount" : 0,
    "errorPct" : 0.0,
    "meanResTime" : 2602.3300000000004,
    "medianResTime" : 2315.5,
    "minResTime" : 44.0,
    "maxResTime" : 7065.0,
    "pct1ResTime" : 5807.6,
    "pct2ResTime" : 6340.449999999998,
    "pct3ResTime" : 7064.44,
    "throughput" : 10.079629069650236,
    "receivedKBytesPerSec" : 5.748538453784901,
    "sentKBytesPerSec" : 6.506479311561335
  },
  "Total" : {
    "transaction" : "Total",
    "sampleCount" : 200,
    "errorCount" : 0,
    "errorPct" : 0.0,
    "meanResTime" : 1521.9449999999983,
    "medianResTime" : 605.0,
    "minResTime" : 4.0,
    "maxResTime" : 7065.0,
    "pct1ResTime" : 5018.400000000001,
    "pct2ResTime" : 5810.299999999999,
    "pct3ResTime" : 7005.7800000000025,
    "throughput" : 20.401917780271347,
    "receivedKBytesPerSec" : 11.565735616647965,
    "sentKBytesPerSec" : 13.000245460573293
  },
  "BirkWorkflowServiceCore.HelloWorld" : {
    "transaction" : "BirkWorkflowServiceCore.HelloWorld",
    "sampleCount" : 100,
    "errorCount" : 0,
    "errorPct" : 0.0,
    "meanResTime" : 441.5600000000001,
    "medianResTime" : 478.0,
    "minResTime" : 4.0,
    "maxResTime" : 1107.0,
    "pct1ResTime" : 1035.2,
    "pct2ResTime" : 1086.5,
    "pct3ResTime" : 1106.87,
    "throughput" : 33.057851239669425,
    "receivedKBytesPerSec" : 18.62732438016529,
    "sentKBytesPerSec" : 20.79028925619835
  },
  "BirkWorkflowServiceCore" : {
    "transaction" : "BirkWorkflowServiceCore",
    "sampleCount" : 100,
    "errorCount" : 0,
    "errorPct" : 0.0,
    "meanResTime" : 441.5600000000001,
    "medianResTime" : 478.0,
    "minResTime" : 4.0,
    "maxResTime" : 1107.0,
    "pct1ResTime" : 1035.2,
    "pct2ResTime" : 1086.5,
    "pct3ResTime" : 1106.87,
    "throughput" : 33.02509907529723,
    "receivedKBytesPerSec" : 18.608869303170408,
    "sentKBytesPerSec" : 20.769691215323647
  },
  "BirkIntegrationServiceCore.HelloWorld" : {
    "transaction" : "BirkIntegrationServiceCore.HelloWorld",
    "sampleCount" : 100,
    "errorCount" : 0,
    "errorPct" : 0.0,
    "meanResTime" : 2602.3300000000004,
    "medianResTime" : 2315.5,
    "minResTime" : 44.0,
    "maxResTime" : 7065.0,
    "pct1ResTime" : 5807.6,
    "pct2ResTime" : 6340.449999999998,
    "pct3ResTime" : 7064.44,
    "throughput" : 10.211375472276115,
    "receivedKBytesPerSec" : 5.823675074032472,
    "sentKBytesPerSec" : 6.59152264372511
  }
}