{
  "BirkIntegrationServiceCore" : {
    "transaction" : "BirkIntegrationServiceCore",
    "sampleCount" : 100,
    "errorCount" : 0,
    "errorPct" : 0.0,
    "meanResTime" : 367.80999999999995,
    "medianResTime" : 56.0,
    "minResTime" : 44.0,
    "maxResTime" : 1987.0,
    "pct1ResTime" : 1254.2000000000003,
    "pct2ResTime" : 1683.1999999999998,
    "pct3ResTime" : 1986.4699999999998,
    "throughput" : 10.072522159548752,
    "receivedKBytesPerSec" : 5.744485294117647,
    "sentKBytesPerSec" : 6.50189174556809
  },
  "Total" : {
    "transaction" : "Total",
    "sampleCount" : 200,
    "errorCount" : 0,
    "errorPct" : 0.0,
    "meanResTime" : 311.7699999999997,
    "medianResTime" : 51.0,
    "minResTime" : 2.0,
    "maxResTime" : 1994.0,
    "pct1ResTime" : 1254.2000000000003,
    "pct2ResTime" : 1929.8,
    "pct3ResTime" : 1990.98,
    "throughput" : 20.41024594346362,
    "receivedKBytesPerSec" : 11.570456806817022,
    "sentKBytesPerSec" : 13.005552224716808
  },
  "BirkWorkflowServiceCore.HelloWorld" : {
    "transaction" : "BirkWorkflowServiceCore.HelloWorld",
    "sampleCount" : 100,
    "errorCount" : 0,
    "errorPct" : 0.0,
    "meanResTime" : 255.73000000000013,
    "medianResTime" : 4.0,
    "minResTime" : 2.0,
    "maxResTime" : 1994.0,
    "pct1ResTime" : 1846.8000000000043,
    "pct2ResTime" : 1947.5,
    "pct3ResTime" : 1993.97,
    "throughput" : 11.603620329542817,
    "receivedKBytesPerSec" : 6.538368095845904,
    "sentKBytesPerSec" : 7.297589347876537
  },
  "BirkWorkflowServiceCore" : {
    "transaction" : "BirkWorkflowServiceCore",
    "sampleCount" : 100,
    "errorCount" : 0,
    "errorPct" : 0.0,
    "meanResTime" : 255.73000000000013,
    "medianResTime" : 4.0,
    "minResTime" : 2.0,
    "maxResTime" : 1994.0,
    "pct1ResTime" : 1846.8000000000043,
    "pct2ResTime" : 1947.5,
    "pct3ResTime" : 1993.97,
    "throughput" : 11.590171534538712,
    "receivedKBytesPerSec" : 6.530790015067223,
    "sentKBytesPerSec" : 7.289131316643486
  },
  "BirkIntegrationServiceCore.HelloWorld" : {
    "transaction" : "BirkIntegrationServiceCore.HelloWorld",
    "sampleCount" : 100,
    "errorCount" : 0,
    "errorPct" : 0.0,
    "meanResTime" : 367.80999999999995,
    "medianResTime" : 56.0,
    "minResTime" : 44.0,
    "maxResTime" : 1987.0,
    "pct1ResTime" : 1254.2000000000003,
    "pct2ResTime" : 1683.1999999999998,
    "pct3ResTime" : 1986.4699999999998,
    "throughput" : 10.215548064153642,
    "receivedKBytesPerSec" : 5.826054755337624,
    "sentKBytesPerSec" : 6.594216084380427
  }
}