{
  "BirkIntegrationServiceCore" : {
    "transaction" : "BirkIntegrationServiceCore",
    "sampleCount" : 100,
    "errorCount" : 0,
    "errorPct" : 0.0,
    "meanResTime" : 144.91000000000005,
    "medianResTime" : 53.0,
    "minResTime" : 44.0,
    "maxResTime" : 1268.0,
    "pct1ResTime" : 417.6000000000002,
    "pct2ResTime" : 692.4499999999996,
    "pct3ResTime" : 1266.7499999999993,
    "throughput" : 10.083694665725522,
    "receivedKBytesPerSec" : 5.750857114046587,
    "sentKBytesPerSec" : 6.5091036855904
  },
  "Total" : {
    "transaction" : "Total",
    "sampleCount" : 200,
    "errorCount" : 0,
    "errorPct" : 0.0,
    "meanResTime" : 99.78999999999996,
    "medianResTime" : 47.0,
    "minResTime" : 2.0,
    "maxResTime" : 1268.0,
    "pct1ResTime" : 332.8,
    "pct2ResTime" : 443.84999999999974,
    "pct3ResTime" : 1142.7900000000002,
    "throughput" : 20.38112707632732,
    "receivedKBytesPerSec" : 11.55394948028126,
    "sentKBytesPerSec" : 12.986997477835523
  },
  "BirkWorkflowServiceCore.HelloWorld" : {
    "transaction" : "BirkWorkflowServiceCore.HelloWorld",
    "sampleCount" : 100,
    "errorCount" : 0,
    "errorPct" : 0.0,
    "meanResTime" : 54.67,
    "medianResTime" : 3.0,
    "minResTime" : 2.0,
    "maxResTime" : 452.0,
    "pct1ResTime" : 323.90000000000043,
    "pct2ResTime" : 343.9,
    "pct3ResTime" : 451.92999999999995,
    "throughput" : 11.693171188026191,
    "receivedKBytesPerSec" : 6.588827905753041,
    "sentKBytesPerSec" : 7.353908442469598
  },
  "BirkWorkflowServiceCore" : {
    "transaction" : "BirkWorkflowServiceCore",
    "sampleCount" : 100,
    "errorCount" : 0,
    "errorPct" : 0.0,
    "meanResTime" : 54.67,
    "medianResTime" : 3.0,
    "minResTime" : 2.0,
    "maxResTime" : 452.0,
    "pct1ResTime" : 323.90000000000043,
    "pct2ResTime" : 343.9,
    "pct3ResTime" : 451.92999999999995,
    "throughput" : 11.68770453482936,
    "receivedKBytesPerSec" : 6.585747574801309,
    "sentKBytesPerSec" : 7.350470430107528
  },
  "BirkIntegrationServiceCore.HelloWorld" : {
    "transaction" : "BirkIntegrationServiceCore.HelloWorld",
    "sampleCount" : 100,
    "errorCount" : 0,
    "errorPct" : 0.0,
    "meanResTime" : 144.91000000000005,
    "medianResTime" : 53.0,
    "minResTime" : 44.0,
    "maxResTime" : 1268.0,
    "pct1ResTime" : 417.6000000000002,
    "pct2ResTime" : 692.4499999999996,
    "pct3ResTime" : 1266.7499999999993,
    "throughput" : 10.200958890135674,
    "receivedKBytesPerSec" : 5.8177343670305,
    "sentKBytesPerSec" : 6.584798658573906
  }
}