{
  "BirkIntegrationServiceCore" : {
    "transaction" : "BirkIntegrationServiceCore",
    "sampleCount" : 3,
    "errorCount" : 0,
    "errorPct" : 0.0,
    "meanResTime" : 4751.666666666667,
    "medianResTime" : 4732.0,
    "minResTime" : 4488.0,
    "maxResTime" : 5035.0,
    "pct1ResTime" : 5035.0,
    "pct2ResTime" : 5035.0,
    "pct3ResTime" : 5035.0,
    "throughput" : 0.5827505827505828,
    "receivedKBytesPerSec" : 0.33234994172494176,
    "sentKBytesPerSec" : 0.3761700539044289
  },
  "Total" : {
    "transaction" : "Total",
    "sampleCount" : 9,
    "errorCount" : 3,
    "errorPct" : 33.333332,
    "meanResTime" : 1625.9999999999998,
    "medianResTime" : 88.0,
    "minResTime" : 30.0,
    "maxResTime" : 5035.0,
    "pct1ResTime" : 5035.0,
    "pct2ResTime" : 5035.0,
    "pct3ResTime" : 5035.0,
    "throughput" : 1.7281105990783412,
    "receivedKBytesPerSec" : 4.4209704421082945,
    "sentKBytesPerSec" : 2.6720460109447
  },
  "GetBarn" : {
    "transaction" : "GetBarn",
    "sampleCount" : 3,
    "errorCount" : 3,
    "errorPct" : 100.0,
    "meanResTime" : 85.66666666666667,
    "medianResTime" : 88.0,
    "minResTime" : 77.0,
    "maxResTime" : 92.0,
    "pct1ResTime" : 92.0,
    "pct2ResTime" : 92.0,
    "pct3ResTime" : 92.0,
    "throughput" : 32.608695652173914,
    "receivedKBytesPerSec" : 213.29398777173913,
    "sentKBytesPerSec" : 109.70405910326087
  },
  "BirkWorkflowServiceCore.HelloWorld" : {
    "transaction" : "BirkWorkflowServiceCore.HelloWorld",
    "sampleCount" : 3,
    "errorCount" : 0,
    "errorPct" : 0.0,
    "meanResTime" : 40.666666666666664,
    "medianResTime" : 43.0,
    "minResTime" : 30.0,
    "maxResTime" : 49.0,
    "pct1ResTime" : 49.0,
    "pct2ResTime" : 49.0,
    "pct3ResTime" : 49.0,
    "throughput" : 61.224489795918366,
    "receivedKBytesPerSec" : 34.49856505102041,
    "sentKBytesPerSec" : 38.504464285714285
  },
  "BirkWorkflowServiceCore" : {
    "transaction" : "BirkWorkflowServiceCore",
    "sampleCount" : 3,
    "errorCount" : 0,
    "errorPct" : 0.0,
    "meanResTime" : 40.666666666666664,
    "medianResTime" : 43.0,
    "minResTime" : 30.0,
    "maxResTime" : 49.0,
    "pct1ResTime" : 49.0,
    "pct2ResTime" : 49.0,
    "pct3ResTime" : 49.0,
    "throughput" : 56.60377358490566,
    "receivedKBytesPerSec" : 31.894899764150946,
    "sentKBytesPerSec" : 35.59846698113208
  },
  "BirkClientServiceCore" : {
    "transaction" : "BirkClientServiceCore",
    "sampleCount" : 3,
    "errorCount" : 3,
    "errorPct" : 100.0,
    "meanResTime" : 85.66666666666667,
    "medianResTime" : 88.0,
    "minResTime" : 77.0,
    "maxResTime" : 92.0,
    "pct1ResTime" : 92.0,
    "pct2ResTime" : 92.0,
    "pct3ResTime" : 92.0,
    "throughput" : 32.608695652173914,
    "receivedKBytesPerSec" : 213.29398777173913,
    "sentKBytesPerSec" : 109.70405910326087
  },
  "BirkIntegrationServiceCore.HelloWorld" : {
    "transaction" : "BirkIntegrationServiceCore.HelloWorld",
    "sampleCount" : 3,
    "errorCount" : 0,
    "errorPct" : 0.0,
    "meanResTime" : 4751.666666666667,
    "medianResTime" : 4732.0,
    "minResTime" : 4488.0,
    "maxResTime" : 5035.0,
    "pct1ResTime" : 5035.0,
    "pct2ResTime" : 5035.0,
    "pct3ResTime" : 5035.0,
    "throughput" : 0.5931198102016608,
    "receivedKBytesPerSec" : 0.33826364175563467,
    "sentKBytesPerSec" : 0.38286347123368925
  }
}