{
  "BirkIntegrationServiceCore" : {
    "transaction" : "BirkIntegrationServiceCore",
    "sampleCount" : 100,
    "errorCount" : 0,
    "errorPct" : 0.0,
    "meanResTime" : 3649.209999999998,
    "medianResTime" : 3560.0,
    "minResTime" : 134.0,
    "maxResTime" : 8417.0,
    "pct1ResTime" : 7145.1,
    "pct2ResTime" : 7813.049999999998,
    "pct3ResTime" : 8415.039999999999,
    "throughput" : 9.917683229197658,
    "receivedKBytesPerSec" : 5.65617871665179,
    "sentKBytesPerSec" : 6.401942006347317
  },
  "Total" : {
    "transaction" : "Total",
    "sampleCount" : 200,
    "errorCount" : 0,
    "errorPct" : 0.0,
    "meanResTime" : 2059.2099999999978,
    "medianResTime" : 620.5,
    "minResTime" : 9.0,
    "maxResTime" : 8417.0,
    "pct1ResTime" : 6404.900000000001,
    "pct2ResTime" : 7146.05,
    "pct3ResTime" : 8219.670000000002,
    "throughput" : 20.04811547714515,
    "receivedKBytesPerSec" : 11.365167025862068,
    "sentKBytesPerSec" : 12.774800145348836
  },
  "BirkWorkflowServiceCore.HelloWorld" : {
    "transaction" : "BirkWorkflowServiceCore.HelloWorld",
    "sampleCount" : 100,
    "errorCount" : 0,
    "errorPct" : 0.0,
    "meanResTime" : 469.20999999999987,
    "medianResTime" : 494.0,
    "minResTime" : 9.0,
    "maxResTime" : 823.0,
    "pct1ResTime" : 738.8,
    "pct2ResTime" : 747.95,
    "pct3ResTime" : 822.92,
    "throughput" : 55.77244841048522,
    "receivedKBytesPerSec" : 31.4264675125488,
    "sentKBytesPerSec" : 35.07564138315672
  },
  "BirkWorkflowServiceCore" : {
    "transaction" : "BirkWorkflowServiceCore",
    "sampleCount" : 100,
    "errorCount" : 0,
    "errorPct" : 0.0,
    "meanResTime" : 469.20999999999987,
    "medianResTime" : 494.0,
    "minResTime" : 9.0,
    "maxResTime" : 823.0,
    "pct1ResTime" : 738.8,
    "pct2ResTime" : 747.95,
    "pct3ResTime" : 822.92,
    "throughput" : 55.61735261401557,
    "receivedKBytesPerSec" : 31.339074666295883,
    "sentKBytesPerSec" : 34.97810066740823
  },
  "BirkIntegrationServiceCore.HelloWorld" : {
    "transaction" : "BirkIntegrationServiceCore.HelloWorld",
    "sampleCount" : 100,
    "errorCount" : 0,
    "errorPct" : 0.0,
    "meanResTime" : 3649.209999999998,
    "medianResTime" : 3560.0,
    "minResTime" : 134.0,
    "maxResTime" : 8417.0,
    "pct1ResTime" : 7145.1,
    "pct2ResTime" : 7813.049999999998,
    "pct3ResTime" : 8415.039999999999,
    "throughput" : 10.05631536604988,
    "receivedKBytesPerSec" : 5.735242357200321,
    "sentKBytesPerSec" : 6.4914301337489935
  }
}