{
  "BirkIntegrationServiceCore" : {
    "transaction" : "BirkIntegrationServiceCore",
    "sampleCount" : 100,
    "errorCount" : 0,
    "errorPct" : 0.0,
    "meanResTime" : 252.43999999999988,
    "medianResTime" : 60.0,
    "minResTime" : 47.0,
    "maxResTime" : 1768.0,
    "pct1ResTime" : 810.7000000000006,
    "pct2ResTime" : 1312.8,
    "pct3ResTime" : 1767.6899999999998,
    "throughput" : 10.078613182826043,
    "receivedKBytesPerSec" : 5.747959080830477,
    "sentKBytesPerSec" : 6.505823548679701
  },
  "Total" : {
    "transaction" : "Total",
    "sampleCount" : 200,
    "errorCount" : 0,
    "errorPct" : 0.0,
    "meanResTime" : 171.99499999999995,
    "medianResTime" : 53.5,
    "minResTime" : 2.0,
    "maxResTime" : 1768.0,
    "pct1ResTime" : 468.8,
    "pct2ResTime" : 816.3499999999988,
    "pct3ResTime" : 1734.4800000000023,
    "throughput" : 20.41649652919559,
    "receivedKBytesPerSec" : 11.574000229685586,
    "sentKBytesPerSec" : 13.009535141894652
  },
  "BirkWorkflowServiceCore.HelloWorld" : {
    "transaction" : "BirkWorkflowServiceCore.HelloWorld",
    "sampleCount" : 100,
    "errorCount" : 0,
    "errorPct" : 0.0,
    "meanResTime" : 91.56,
    "medianResTime" : 4.0,
    "minResTime" : 2.0,
    "maxResTime" : 478.0,
    "pct1ResTime" : 430.20000000000005,
    "pct2ResTime" : 460.69999999999993,
    "pct3ResTime" : 477.90999999999997,
    "throughput" : 12.403870007442322,
    "receivedKBytesPerSec" : 6.98929003349045,
    "sentKBytesPerSec" : 7.800871371868023
  },
  "BirkWorkflowServiceCore" : {
    "transaction" : "BirkWorkflowServiceCore",
    "sampleCount" : 100,
    "errorCount" : 0,
    "errorPct" : 0.0,
    "meanResTime" : 91.56,
    "medianResTime" : 4.0,
    "minResTime" : 2.0,
    "maxResTime" : 478.0,
    "pct1ResTime" : 430.20000000000005,
    "pct2ResTime" : 460.69999999999993,
    "pct3ResTime" : 477.90999999999997,
    "throughput" : 12.396181975951407,
    "receivedKBytesPerSec" : 6.984958007933557,
    "sentKBytesPerSec" : 7.796036320813189
  },
  "BirkIntegrationServiceCore.HelloWorld" : {
    "transaction" : "BirkIntegrationServiceCore.HelloWorld",
    "sampleCount" : 100,
    "errorCount" : 0,
    "errorPct" : 0.0,
    "meanResTime" : 252.42999999999986,
    "medianResTime" : 60.0,
    "minResTime" : 47.0,
    "maxResTime" : 1768.0,
    "pct1ResTime" : 810.7000000000006,
    "pct2ResTime" : 1312.8,
    "pct3ResTime" : 1767.6899999999998,
    "throughput" : 10.218679746576743,
    "receivedKBytesPerSec" : 5.827840792969549,
    "sentKBytesPerSec" : 6.5962376098508075
  }
}