{
  "BirkIntegrationServiceCore" : {
    "transaction" : "BirkIntegrationServiceCore",
    "sampleCount" : 100,
    "errorCount" : 0,
    "errorPct" : 0.0,
    "meanResTime" : 3483.8499999999995,
    "medianResTime" : 3264.5,
    "minResTime" : 100.0,
    "maxResTime" : 7951.0,
    "pct1ResTime" : 6898.400000000001,
    "pct2ResTime" : 7555.399999999999,
    "pct3ResTime" : 7949.44,
    "throughput" : 9.956192751891676,
    "receivedKBytesPerSec" : 5.678141178813221,
    "sentKBytesPerSec" : 6.426800204101951
  },
  "Total" : {
    "transaction" : "Total",
    "sampleCount" : 200,
    "errorCount" : 0,
    "errorPct" : 0.0,
    "meanResTime" : 2115.1399999999994,
    "medianResTime" : 1080.5,
    "minResTime" : 4.0,
    "maxResTime" : 7951.0,
    "pct1ResTime" : 6146.700000000001,
    "pct2ResTime" : 6902.199999999999,
    "pct3ResTime" : 7793.990000000001,
    "throughput" : 20.120724346076457,
    "receivedKBytesPerSec" : 11.406328596579478,
    "sentKBytesPerSec" : 12.821067027162979
  },
  "BirkWorkflowServiceCore.HelloWorld" : {
    "transaction" : "BirkWorkflowServiceCore.HelloWorld",
    "sampleCount" : 100,
    "errorCount" : 0,
    "errorPct" : 0.0,
    "meanResTime" : 746.4399999999998,
    "medianResTime" : 758.5,
    "minResTime" : 4.0,
    "maxResTime" : 1609.0,
    "pct1ResTime" : 1552.5000000000002,
    "pct2ResTime" : 1572.9,
    "pct3ResTime" : 1608.8,
    "throughput" : 49.35834155972359,
    "receivedKBytesPerSec" : 27.812268632773943,
    "sentKBytesPerSec" : 31.04176949654492
  },
  "BirkWorkflowServiceCore" : {
    "transaction" : "BirkWorkflowServiceCore",
    "sampleCount" : 100,
    "errorCount" : 0,
    "errorPct" : 0.0,
    "meanResTime" : 746.4399999999997,
    "medianResTime" : 758.5,
    "minResTime" : 4.0,
    "maxResTime" : 1609.0,
    "pct1ResTime" : 1552.5000000000002,
    "pct2ResTime" : 1572.9,
    "pct3ResTime" : 1608.8,
    "throughput" : 49.30966469428008,
    "receivedKBytesPerSec" : 27.78484035996055,
    "sentKBytesPerSec" : 31.01115631163708
  },
  "BirkIntegrationServiceCore.HelloWorld" : {
    "transaction" : "BirkIntegrationServiceCore.HelloWorld",
    "sampleCount" : 100,
    "errorCount" : 0,
    "errorPct" : 0.0,
    "meanResTime" : 3483.839999999999,
    "medianResTime" : 3264.5,
    "minResTime" : 100.0,
    "maxResTime" : 7951.0,
    "pct1ResTime" : 6898.400000000001,
    "pct2ResTime" : 7555.399999999999,
    "pct3ResTime" : 7949.44,
    "throughput" : 10.069479407914612,
    "receivedKBytesPerSec" : 5.742749974826302,
    "sentKBytesPerSec" : 6.499927625616756
  }
}