{
  "BirkIntegrationServiceCore" : {
    "transaction" : "BirkIntegrationServiceCore",
    "sampleCount" : 100,
    "errorCount" : 0,
    "errorPct" : 0.0,
    "meanResTime" : 253.54000000000022,
    "medianResTime" : 50.5,
    "minResTime" : 43.0,
    "maxResTime" : 1977.0,
    "pct1ResTime" : 843.1000000000009,
    "pct2ResTime" : 1580.0999999999985,
    "pct3ResTime" : 1975.4399999999991,
    "throughput" : 10.090817356205854,
    "receivedKBytesPerSec" : 5.75491927346115,
    "sentKBytesPerSec" : 6.5137014379414735
  },
  "Total" : {
    "transaction" : "Total",
    "sampleCount" : 200,
    "errorCount" : 0,
    "errorPct" : 0.0,
    "meanResTime" : 164.55000000000007,
    "medianResTime" : 46.0,
    "minResTime" : 2.0,
    "maxResTime" : 1977.0,
    "pct1ResTime" : 424.10000000000014,
    "pct2ResTime" : 851.5499999999981,
    "pct3ResTime" : 1820.6300000000003,
    "throughput" : 20.395676116663267,
    "receivedKBytesPerSec" : 11.562197251682644,
    "sentKBytesPerSec" : 12.99626822863553
  },
  "BirkWorkflowServiceCore.HelloWorld" : {
    "transaction" : "BirkWorkflowServiceCore.HelloWorld",
    "sampleCount" : 100,
    "errorCount" : 0,
    "errorPct" : 0.0,
    "meanResTime" : 75.56,
    "medianResTime" : 3.0,
    "minResTime" : 2.0,
    "maxResTime" : 489.0,
    "pct1ResTime" : 358.6000000000001,
    "pct2ResTime" : 392.9999999999998,
    "pct3ResTime" : 488.36999999999966,
    "throughput" : 12.677484787018255,
    "receivedKBytesPerSec" : 7.143465548935091,
    "sentKBytesPerSec" : 7.9729494168357
  },
  "BirkWorkflowServiceCore" : {
    "transaction" : "BirkWorkflowServiceCore",
    "sampleCount" : 100,
    "errorCount" : 0,
    "errorPct" : 0.0,
    "meanResTime" : 75.56,
    "medianResTime" : 3.0,
    "minResTime" : 2.0,
    "maxResTime" : 489.0,
    "pct1ResTime" : 358.6000000000001,
    "pct2ResTime" : 392.9999999999998,
    "pct3ResTime" : 488.36999999999966,
    "throughput" : 12.677484787018255,
    "receivedKBytesPerSec" : 7.143465548935091,
    "sentKBytesPerSec" : 7.9729494168357
  },
  "BirkIntegrationServiceCore.HelloWorld" : {
    "transaction" : "BirkIntegrationServiceCore.HelloWorld",
    "sampleCount" : 100,
    "errorCount" : 0,
    "errorPct" : 0.0,
    "meanResTime" : 253.54000000000022,
    "medianResTime" : 50.5,
    "minResTime" : 43.0,
    "maxResTime" : 1977.0,
    "pct1ResTime" : 843.1000000000009,
    "pct2ResTime" : 1580.0999999999985,
    "pct3ResTime" : 1975.4399999999991,
    "throughput" : 10.207206287639075,
    "receivedKBytesPerSec" : 5.821297335919159,
    "sentKBytesPerSec" : 6.588831402470143
  }
}