{
  "BirkIntegrationServiceCore" : {
    "transaction" : "BirkIntegrationServiceCore",
    "sampleCount" : 100,
    "errorCount" : 0,
    "errorPct" : 0.0,
    "meanResTime" : 372.56999999999977,
    "medianResTime" : 56.0,
    "minResTime" : 45.0,
    "maxResTime" : 1994.0,
    "pct1ResTime" : 1373.1000000000006,
    "pct2ResTime" : 1744.499999999999,
    "pct3ResTime" : 1993.0099999999995,
    "throughput" : 10.036130068245685,
    "receivedKBytesPerSec" : 5.723730429546367,
    "sentKBytesPerSec" : 6.4784003663187475
  },
  "Total" : {
    "transaction" : "Total",
    "sampleCount" : 200,
    "errorCount" : 0,
    "errorPct" : 0.0,
    "meanResTime" : 331.2199999999997,
    "medianResTime" : 50.0,
    "minResTime" : 2.0,
    "maxResTime" : 2142.0,
    "pct1ResTime" : 1444.9,
    "pct2ResTime" : 1904.75,
    "pct3ResTime" : 1993.7700000000002,
    "throughput" : 20.30456852791878,
    "receivedKBytesPerSec" : 11.51054885786802,
    "sentKBytesPerSec" : 12.93821383248731
  },
  "BirkWorkflowServiceCore.HelloWorld" : {
    "transaction" : "BirkWorkflowServiceCore.HelloWorld",
    "sampleCount" : 100,
    "errorCount" : 0,
    "errorPct" : 0.0,
    "meanResTime" : 289.87000000000006,
    "medianResTime" : 5.0,
    "minResTime" : 2.0,
    "maxResTime" : 2142.0,
    "pct1ResTime" : 1900.0,
    "pct2ResTime" : 1919.6499999999999,
    "pct3ResTime" : 2140.289999999999,
    "throughput" : 11.806375442739078,
    "receivedKBytesPerSec" : 6.652615850059031,
    "sentKBytesPerSec" : 7.4251033057851235
  },
  "BirkWorkflowServiceCore" : {
    "transaction" : "BirkWorkflowServiceCore",
    "sampleCount" : 100,
    "errorCount" : 0,
    "errorPct" : 0.0,
    "meanResTime" : 289.87000000000006,
    "medianResTime" : 5.0,
    "minResTime" : 2.0,
    "maxResTime" : 2142.0,
    "pct1ResTime" : 1900.0,
    "pct2ResTime" : 1919.6499999999999,
    "pct3ResTime" : 2140.289999999999,
    "throughput" : 11.796626164916834,
    "receivedKBytesPerSec" : 6.647122360504896,
    "sentKBytesPerSec" : 7.418971924029727
  },
  "BirkIntegrationServiceCore.HelloWorld" : {
    "transaction" : "BirkIntegrationServiceCore.HelloWorld",
    "sampleCount" : 100,
    "errorCount" : 0,
    "errorPct" : 0.0,
    "meanResTime" : 372.56999999999977,
    "medianResTime" : 56.0,
    "minResTime" : 45.0,
    "maxResTime" : 1994.0,
    "pct1ResTime" : 1373.1000000000006,
    "pct2ResTime" : 1744.499999999999,
    "pct3ResTime" : 1993.0099999999995,
    "throughput" : 10.1615689462453,
    "receivedKBytesPerSec" : 5.795269789655523,
    "sentKBytesPerSec" : 6.559372142058734
  }
}