{
  "BirkIntegrationServiceCore" : {
    "transaction" : "BirkIntegrationServiceCore",
    "sampleCount" : 100,
    "errorCount" : 0,
    "errorPct" : 0.0,
    "meanResTime" : 472.4600000000002,
    "medianResTime" : 67.5,
    "minResTime" : 45.0,
    "maxResTime" : 2346.0,
    "pct1ResTime" : 1674.9000000000015,
    "pct2ResTime" : 2020.5499999999995,
    "pct3ResTime" : 2345.98,
    "throughput" : 10.088781275221953,
    "receivedKBytesPerSec" : 5.75375807102502,
    "sentKBytesPerSec" : 6.512387131759483
  },
  "Total" : {
    "transaction" : "Total",
    "sampleCount" : 200,
    "errorCount" : 0,
    "errorPct" : 0.0,
    "meanResTime" : 337.92499999999984,
    "medianResTime" : 57.0,
    "minResTime" : 2.0,
    "maxResTime" : 2361.0,
    "pct1ResTime" : 1108.7000000000003,
    "pct2ResTime" : 1795.9999999999989,
    "pct3ResTime" : 2345.98,
    "throughput" : 20.420665713702267,
    "receivedKBytesPerSec" : 11.576363717582193,
    "sentKBytesPerSec" : 13.012191775576882
  },
  "BirkWorkflowServiceCore.HelloWorld" : {
    "transaction" : "BirkWorkflowServiceCore.HelloWorld",
    "sampleCount" : 100,
    "errorCount" : 0,
    "errorPct" : 0.0,
    "meanResTime" : 203.38999999999996,
    "medianResTime" : 10.0,
    "minResTime" : 2.0,
    "maxResTime" : 2361.0,
    "pct1ResTime" : 946.3000000000001,
    "pct2ResTime" : 968.9,
    "pct3ResTime" : 2352.6599999999958,
    "throughput" : 11.629259216187927,
    "receivedKBytesPerSec" : 6.552815007559018,
    "sentKBytesPerSec" : 7.313713803930689
  },
  "BirkWorkflowServiceCore" : {
    "transaction" : "BirkWorkflowServiceCore",
    "sampleCount" : 100,
    "errorCount" : 0,
    "errorPct" : 0.0,
    "meanResTime" : 203.3899999999999,
    "medianResTime" : 10.0,
    "minResTime" : 2.0,
    "maxResTime" : 2361.0,
    "pct1ResTime" : 946.3000000000001,
    "pct2ResTime" : 968.9,
    "pct3ResTime" : 2352.6599999999958,
    "throughput" : 11.604966925844263,
    "receivedKBytesPerSec" : 6.539126871300916,
    "sentKBytesPerSec" : 7.298436230706741
  },
  "BirkIntegrationServiceCore.HelloWorld" : {
    "transaction" : "BirkIntegrationServiceCore.HelloWorld",
    "sampleCount" : 100,
    "errorCount" : 0,
    "errorPct" : 0.0,
    "meanResTime" : 472.4600000000002,
    "medianResTime" : 67.5,
    "minResTime" : 45.0,
    "maxResTime" : 2346.0,
    "pct1ResTime" : 1674.9000000000015,
    "pct2ResTime" : 2020.5499999999995,
    "pct3ResTime" : 2345.98,
    "throughput" : 10.220768601798856,
    "receivedKBytesPerSec" : 5.829032093213409,
    "sentKBytesPerSec" : 6.597585982215862
  }
}