{
  "BirkIntegrationServiceCore" : {
    "transaction" : "BirkIntegrationServiceCore",
    "sampleCount" : 100,
    "errorCount" : 0,
    "errorPct" : 0.0,
    "meanResTime" : 3624.899999999999,
    "medianResTime" : 3187.0,
    "minResTime" : 50.0,
    "maxResTime" : 8526.0,
    "pct1ResTime" : 7337.1,
    "pct2ResTime" : 7862.4,
    "pct3ResTime" : 8523.56,
    "throughput" : 10.07759750075582,
    "receivedKBytesPerSec" : 5.747379824649803,
    "sentKBytesPerSec" : 6.505167917968357
  },
  "Total" : {
    "transaction" : "Total",
    "sampleCount" : 200,
    "errorCount" : 0,
    "errorPct" : 0.0,
    "meanResTime" : 2110.1949999999993,
    "medianResTime" : 892.5,
    "minResTime" : 4.0,
    "maxResTime" : 8526.0,
    "pct1ResTime" : 6503.900000000001,
    "pct2ResTime" : 7337.55,
    "pct3ResTime" : 8280.84,
    "throughput" : 20.360378703043875,
    "receivedKBytesPerSec" : 11.542187340934541,
    "sentKBytesPerSec" : 12.973776468492314
  },
  "BirkWorkflowServiceCore.HelloWorld" : {
    "transaction" : "BirkWorkflowServiceCore.HelloWorld",
    "sampleCount" : 100,
    "errorCount" : 0,
    "errorPct" : 0.0,
    "meanResTime" : 595.4900000000001,
    "medianResTime" : 582.5,
    "minResTime" : 4.0,
    "maxResTime" : 1032.0,
    "pct1ResTime" : 952.4000000000001,
    "pct2ResTime" : 1017.6499999999999,
    "pct3ResTime" : 1031.98,
    "throughput" : 55.18763796909492,
    "receivedKBytesPerSec" : 31.096940535320087,
    "sentKBytesPerSec" : 34.7078504415011
  },
  "BirkWorkflowServiceCore" : {
    "transaction" : "BirkWorkflowServiceCore",
    "sampleCount" : 100,
    "errorCount" : 0,
    "errorPct" : 0.0,
    "meanResTime" : 595.4900000000001,
    "medianResTime" : 582.5,
    "minResTime" : 4.0,
    "maxResTime" : 1032.0,
    "pct1ResTime" : 952.4000000000001,
    "pct2ResTime" : 1017.6499999999999,
    "pct3ResTime" : 1031.98,
    "throughput" : 55.15719801434087,
    "receivedKBytesPerSec" : 31.079788334252623,
    "sentKBytesPerSec" : 34.68870656370657
  },
  "BirkIntegrationServiceCore.HelloWorld" : {
    "transaction" : "BirkIntegrationServiceCore.HelloWorld",
    "sampleCount" : 100,
    "errorCount" : 0,
    "errorPct" : 0.0,
    "meanResTime" : 3624.899999999999,
    "medianResTime" : 3187.0,
    "minResTime" : 50.0,
    "maxResTime" : 8526.0,
    "pct1ResTime" : 7337.1,
    "pct2ResTime" : 7862.4,
    "pct3ResTime" : 8523.56,
    "throughput" : 10.191602119853242,
    "receivedKBytesPerSec" : 5.812398083978802,
    "sentKBytesPerSec" : 6.5787587902568285
  }
}