{
  "BirkIntegrationServiceCore" : {
    "transaction" : "BirkIntegrationServiceCore",
    "sampleCount" : 100,
    "errorCount" : 0,
    "errorPct" : 0.0,
    "meanResTime" : 3142.1500000000005,
    "medianResTime" : 2926.0,
    "minResTime" : 74.0,
    "maxResTime" : 7806.0,
    "pct1ResTime" : 6463.6,
    "pct2ResTime" : 7282.149999999997,
    "pct3ResTime" : 7804.319999999999,
    "throughput" : 10.033109260559849,
    "receivedKBytesPerSec" : 5.722007625163037,
    "sentKBytesPerSec" : 6.4764504113574795
  },
  "Total" : {
    "transaction" : "Total",
    "sampleCount" : 200,
    "errorCount" : 0,
    "errorPct" : 0.0,
    "meanResTime" : 1756.8450000000005,
    "medianResTime" : 552.5,
    "minResTime" : 3.0,
    "maxResTime" : 7806.0,
    "pct1ResTime" : 5810.900000000001,
    "pct2ResTime" : 6468.799999999999,
    "pct3ResTime" : 7635.360000000002,
    "throughput" : 20.29632636492795,
    "receivedKBytesPerSec" : 11.505876420742846,
    "sentKBytesPerSec" : 12.932961868276843
  },
  "BirkWorkflowServiceCore.HelloWorld" : {
    "transaction" : "BirkWorkflowServiceCore.HelloWorld",
    "sampleCount" : 100,
    "errorCount" : 0,
    "errorPct" : 0.0,
    "meanResTime" : 371.5400000000001,
    "medianResTime" : 300.5,
    "minResTime" : 3.0,
    "maxResTime" : 976.0,
    "pct1ResTime" : 865.9,
    "pct2ResTime" : 948.55,
    "pct3ResTime" : 975.8299999999999,
    "throughput" : 44.96402877697842,
    "receivedKBytesPerSec" : 25.336176371402875,
    "sentKBytesPerSec" : 28.27815872302158
  },
  "BirkWorkflowServiceCore" : {
    "transaction" : "BirkWorkflowServiceCore",
    "sampleCount" : 100,
    "errorCount" : 0,
    "errorPct" : 0.0,
    "meanResTime" : 371.5400000000001,
    "medianResTime" : 300.5,
    "minResTime" : 3.0,
    "maxResTime" : 976.0,
    "pct1ResTime" : 865.9,
    "pct2ResTime" : 948.55,
    "pct3ResTime" : 975.8299999999999,
    "throughput" : 44.96402877697842,
    "receivedKBytesPerSec" : 25.336176371402875,
    "sentKBytesPerSec" : 28.27815872302158
  },
  "BirkIntegrationServiceCore.HelloWorld" : {
    "transaction" : "BirkIntegrationServiceCore.HelloWorld",
    "sampleCount" : 100,
    "errorCount" : 0,
    "errorPct" : 0.0,
    "meanResTime" : 3142.1500000000005,
    "medianResTime" : 2926.0,
    "minResTime" : 74.0,
    "maxResTime" : 7806.0,
    "pct1ResTime" : 6463.6,
    "pct2ResTime" : 7282.149999999997,
    "pct3ResTime" : 7804.319999999999,
    "throughput" : 10.158472165786264,
    "receivedKBytesPerSec" : 5.79350365704998,
    "sentKBytesPerSec" : 6.55737314607883
  }
}