{
  "BirkIntegrationServiceCore" : {
    "transaction" : "BirkIntegrationServiceCore",
    "sampleCount" : 100,
    "errorCount" : 0,
    "errorPct" : 0.0,
    "meanResTime" : 3220.290000000001,
    "medianResTime" : 3074.5,
    "minResTime" : 46.0,
    "maxResTime" : 7684.0,
    "pct1ResTime" : 6483.6,
    "pct2ResTime" : 7091.9,
    "pct3ResTime" : 7682.23,
    "throughput" : 10.043185698503565,
    "receivedKBytesPerSec" : 5.727754343677814,
    "sentKBytesPerSec" : 6.482954830772321
  },
  "Total" : {
    "transaction" : "Total",
    "sampleCount" : 200,
    "errorCount" : 0,
    "errorPct" : 0.0,
    "meanResTime" : 1893.7350000000008,
    "medianResTime" : 781.5,
    "minResTime" : 4.0,
    "maxResTime" : 7684.0,
    "pct1ResTime" : 5875.3,
    "pct2ResTime" : 6485.299999999999,
    "pct3ResTime" : 7504.050000000003,
    "throughput" : 20.395676116663267,
    "receivedKBytesPerSec" : 11.562197251682644,
    "sentKBytesPerSec" : 12.99626822863553
  },
  "BirkWorkflowServiceCore.HelloWorld" : {
    "transaction" : "BirkWorkflowServiceCore.HelloWorld",
    "sampleCount" : 100,
    "errorCount" : 0,
    "errorPct" : 0.0,
    "meanResTime" : 567.1800000000003,
    "medianResTime" : 485.0,
    "minResTime" : 4.0,
    "maxResTime" : 1278.0,
    "pct1ResTime" : 1159.9,
    "pct2ResTime" : 1222.6999999999998,
    "pct3ResTime" : 1277.62,
    "throughput" : 45.53734061930783,
    "receivedKBytesPerSec" : 25.659224157559198,
    "sentKBytesPerSec" : 28.638718123861565
  },
  "BirkWorkflowServiceCore" : {
    "transaction" : "BirkWorkflowServiceCore",
    "sampleCount" : 100,
    "errorCount" : 0,
    "errorPct" : 0.0,
    "meanResTime" : 567.1800000000003,
    "medianResTime" : 485.0,
    "minResTime" : 4.0,
    "maxResTime" : 1278.0,
    "pct1ResTime" : 1159.9,
    "pct2ResTime" : 1222.6999999999998,
    "pct3ResTime" : 1277.62,
    "throughput" : 45.45454545454545,
    "receivedKBytesPerSec" : 25.61257102272727,
    "sentKBytesPerSec" : 28.586647727272727
  },
  "BirkIntegrationServiceCore.HelloWorld" : {
    "transaction" : "BirkIntegrationServiceCore.HelloWorld",
    "sampleCount" : 100,
    "errorCount" : 0,
    "errorPct" : 0.0,
    "meanResTime" : 3220.290000000001,
    "medianResTime" : 3074.5,
    "minResTime" : 46.0,
    "maxResTime" : 7684.0,
    "pct1ResTime" : 6483.6,
    "pct2ResTime" : 7091.9,
    "pct3ResTime" : 7682.23,
    "throughput" : 10.208248264597795,
    "receivedKBytesPerSec" : 5.82189158840343,
    "sentKBytesPerSec" : 6.589504006737444
  }
}