{
  "BirkIntegrationServiceCore" : {
    "transaction" : "BirkIntegrationServiceCore",
    "sampleCount" : 100,
    "errorCount" : 0,
    "errorPct" : 0.0,
    "meanResTime" : 2989.79,
    "medianResTime" : 2533.0,
    "minResTime" : 45.0,
    "maxResTime" : 7773.0,
    "pct1ResTime" : 6636.900000000001,
    "pct2ResTime" : 7131.549999999999,
    "pct3ResTime" : 7771.499999999999,
    "throughput" : 10.060362173038229,
    "receivedKBytesPerSec" : 5.737550301810866,
    "sentKBytesPerSec" : 6.494042379275654
  },
  "Total" : {
    "transaction" : "Total",
    "sampleCount" : 200,
    "errorCount" : 0,
    "errorPct" : 0.0,
    "meanResTime" : 1696.650000000001,
    "medianResTime" : 548.0,
    "minResTime" : 4.0,
    "maxResTime" : 7773.0,
    "pct1ResTime" : 5790.8,
    "pct2ResTime" : 6638.45,
    "pct3ResTime" : 7618.720000000004,
    "throughput" : 20.360378703043875,
    "receivedKBytesPerSec" : 11.542187340934541,
    "sentKBytesPerSec" : 12.973776468492314
  },
  "BirkWorkflowServiceCore.HelloWorld" : {
    "transaction" : "BirkWorkflowServiceCore.HelloWorld",
    "sampleCount" : 100,
    "errorCount" : 0,
    "errorPct" : 0.0,
    "meanResTime" : 403.5099999999998,
    "medianResTime" : 434.5,
    "minResTime" : 4.0,
    "maxResTime" : 1000.0,
    "pct1ResTime" : 813.3000000000001,
    "pct2ResTime" : 854.0999999999998,
    "pct3ResTime" : 999.9499999999999,
    "throughput" : 40.53506282934739,
    "receivedKBytesPerSec" : 22.84055786380219,
    "sentKBytesPerSec" : 25.492754357519253
  },
  "BirkWorkflowServiceCore" : {
    "transaction" : "BirkWorkflowServiceCore",
    "sampleCount" : 100,
    "errorCount" : 0,
    "errorPct" : 0.0,
    "meanResTime" : 403.5099999999998,
    "medianResTime" : 434.5,
    "minResTime" : 4.0,
    "maxResTime" : 1000.0,
    "pct1ResTime" : 813.3000000000001,
    "pct2ResTime" : 854.0999999999998,
    "pct3ResTime" : 999.9499999999999,
    "throughput" : 40.51863857374392,
    "receivedKBytesPerSec" : 22.831303180713128,
    "sentKBytesPerSec" : 25.48242504051864
  },
  "BirkIntegrationServiceCore.HelloWorld" : {
    "transaction" : "BirkIntegrationServiceCore.HelloWorld",
    "sampleCount" : 100,
    "errorCount" : 0,
    "errorPct" : 0.0,
    "meanResTime" : 2989.79,
    "medianResTime" : 2533.0,
    "minResTime" : 45.0,
    "maxResTime" : 7773.0,
    "pct1ResTime" : 6636.900000000001,
    "pct2ResTime" : 7131.549999999999,
    "pct3ResTime" : 7771.499999999999,
    "throughput" : 10.19056353816366,
    "receivedKBytesPerSec" : 5.811805767858962,
    "sentKBytesPerSec" : 6.578088377662285
  }
}