{
  "BirkIntegrationServiceCore" : {
    "transaction" : "BirkIntegrationServiceCore",
    "sampleCount" : 3,
    "errorCount" : 0,
    "errorPct" : 0.0,
    "meanResTime" : 920.3333333333334,
    "medianResTime" : 524.0,
    "minResTime" : 277.0,
    "maxResTime" : 1960.0,
    "pct1ResTime" : 1960.0,
    "pct2ResTime" : 1960.0,
    "pct3ResTime" : 1960.0,
    "throughput" : 1.1441647597254005,
    "receivedKBytesPerSec" : 0.6525314645308925,
    "sentKBytesPerSec" : 0.7385672911899314
  },
  "Total" : {
    "transaction" : "Total",
    "sampleCount" : 9,
    "errorCount" : 3,
    "errorPct" : 33.333332,
    "meanResTime" : 775.8888888888889,
    "medianResTime" : 524.0,
    "minResTime" : 44.0,
    "maxResTime" : 1977.0,
    "pct1ResTime" : 1977.0,
    "pct2ResTime" : 1977.0,
    "pct3ResTime" : 1977.0,
    "throughput" : 3.40522133938706,
    "receivedKBytesPerSec" : 8.71146956583428,
    "sentKBytesPerSec" : 5.265234818388196
  },
  "GetBarn" : {
    "transaction" : "GetBarn",
    "sampleCount" : 3,
    "errorCount" : 3,
    "errorPct" : 100.0,
    "meanResTime" : 404.66666666666663,
    "medianResTime" : 87.0,
    "minResTime" : 53.0,
    "maxResTime" : 1074.0,
    "pct1ResTime" : 1074.0,
    "pct2ResTime" : 1074.0,
    "pct3ResTime" : 1074.0,
    "throughput" : 2.676181980374665,
    "receivedKBytesPerSec" : 17.50494814897413,
    "sentKBytesPerSec" : 9.00336613514719
  },
  "BirkWorkflowServiceCore.HelloWorld" : {
    "transaction" : "BirkWorkflowServiceCore.HelloWorld",
    "sampleCount" : 3,
    "errorCount" : 0,
    "errorPct" : 0.0,
    "meanResTime" : 1002.6666666666667,
    "medianResTime" : 987.0,
    "minResTime" : 44.0,
    "maxResTime" : 1977.0,
    "pct1ResTime" : 1977.0,
    "pct2ResTime" : 1977.0,
    "pct3ResTime" : 1977.0,
    "throughput" : 1.4584346135148274,
    "receivedKBytesPerSec" : 0.821793722654351,
    "sentKBytesPerSec" : 0.9172186436558094
  },
  "BirkWorkflowServiceCore" : {
    "transaction" : "BirkWorkflowServiceCore",
    "sampleCount" : 3,
    "errorCount" : 0,
    "errorPct" : 0.0,
    "meanResTime" : 1002.6666666666667,
    "medianResTime" : 987.0,
    "minResTime" : 44.0,
    "maxResTime" : 1977.0,
    "pct1ResTime" : 1977.0,
    "pct2ResTime" : 1977.0,
    "pct3ResTime" : 1977.0,
    "throughput" : 1.46484375,
    "receivedKBytesPerSec" : 0.8254051208496094,
    "sentKBytesPerSec" : 0.9212493896484375
  },
  "BirkClientServiceCore" : {
    "transaction" : "BirkClientServiceCore",
    "sampleCount" : 3,
    "errorCount" : 3,
    "errorPct" : 100.0,
    "meanResTime" : 404.66666666666663,
    "medianResTime" : 87.0,
    "minResTime" : 53.0,
    "maxResTime" : 1074.0,
    "pct1ResTime" : 1074.0,
    "pct2ResTime" : 1074.0,
    "pct3ResTime" : 1074.0,
    "throughput" : 2.6737967914438503,
    "receivedKBytesPerSec" : 17.48934659090909,
    "sentKBytesPerSec" : 8.995341744652405
  },
  "BirkIntegrationServiceCore.HelloWorld" : {
    "transaction" : "BirkIntegrationServiceCore.HelloWorld",
    "sampleCount" : 3,
    "errorCount" : 0,
    "errorPct" : 0.0,
    "meanResTime" : 920.3333333333334,
    "medianResTime" : 524.0,
    "minResTime" : 277.0,
    "maxResTime" : 1960.0,
    "pct1ResTime" : 1960.0,
    "pct2ResTime" : 1960.0,
    "pct3ResTime" : 1960.0,
    "throughput" : 1.1923688394276628,
    "receivedKBytesPerSec" : 0.6800228537360891,
    "sentKBytesPerSec" : 0.7696834012321144
  }
}