{
  "BirkIntegrationServiceCore" : {
    "transaction" : "BirkIntegrationServiceCore",
    "sampleCount" : 3,
    "errorCount" : 0,
    "errorPct" : 0.0,
    "meanResTime" : 284.3333333333333,
    "medianResTime" : 204.0,
    "minResTime" : 129.0,
    "maxResTime" : 520.0,
    "pct1ResTime" : 520.0,
    "pct2ResTime" : 520.0,
    "pct3ResTime" : 520.0,
    "throughput" : 3.7546933667083855,
    "receivedKBytesPerSec" : 2.1413485607008758,
    "sentKBytesPerSec" : 2.4236839017521903
  },
  "Total" : {
    "transaction" : "Total",
    "sampleCount" : 9,
    "errorCount" : 3,
    "errorPct" : 33.333332,
    "meanResTime" : 312.44444444444446,
    "medianResTime" : 129.0,
    "minResTime" : 41.0,
    "maxResTime" : 925.0,
    "pct1ResTime" : 925.0,
    "pct2ResTime" : 925.0,
    "pct3ResTime" : 925.0,
    "throughput" : 5.710659898477157,
    "receivedKBytesPerSec" : 14.609399785850254,
    "sentKBytesPerSec" : 8.829959152918782
  },
  "GetBarn" : {
    "transaction" : "GetBarn",
    "sampleCount" : 3,
    "errorCount" : 3,
    "errorPct" : 100.0,
    "meanResTime" : 349.33333333333337,
    "medianResTime" : 82.0,
    "minResTime" : 41.0,
    "maxResTime" : 925.0,
    "pct1ResTime" : 925.0,
    "pct2ResTime" : 925.0,
    "pct3ResTime" : 925.0,
    "throughput" : 3.1512605042016806,
    "receivedKBytesPerSec" : 20.612444196428573,
    "sentKBytesPerSec" : 10.601652770483193
  },
  "BirkWorkflowServiceCore.HelloWorld" : {
    "transaction" : "BirkWorkflowServiceCore.HelloWorld",
    "sampleCount" : 3,
    "errorCount" : 0,
    "errorPct" : 0.0,
    "meanResTime" : 303.6666666666667,
    "medianResTime" : 45.0,
    "minResTime" : 44.0,
    "maxResTime" : 822.0,
    "pct1ResTime" : 822.0,
    "pct2ResTime" : 822.0,
    "pct3ResTime" : 822.0,
    "throughput" : 3.045685279187817,
    "receivedKBytesPerSec" : 1.716172271573604,
    "sentKBytesPerSec" : 1.9154505076142132
  },
  "BirkWorkflowServiceCore" : {
    "transaction" : "BirkWorkflowServiceCore",
    "sampleCount" : 3,
    "errorCount" : 0,
    "errorPct" : 0.0,
    "meanResTime" : 303.6666666666667,
    "medianResTime" : 45.0,
    "minResTime" : 44.0,
    "maxResTime" : 822.0,
    "pct1ResTime" : 822.0,
    "pct2ResTime" : 822.0,
    "pct3ResTime" : 822.0,
    "throughput" : 3.054989816700611,
    "receivedKBytesPerSec" : 1.7214151603869654,
    "sentKBytesPerSec" : 1.9213021894093687
  },
  "BirkClientServiceCore" : {
    "transaction" : "BirkClientServiceCore",
    "sampleCount" : 3,
    "errorCount" : 3,
    "errorPct" : 100.0,
    "meanResTime" : 349.33333333333337,
    "medianResTime" : 82.0,
    "minResTime" : 41.0,
    "maxResTime" : 925.0,
    "pct1ResTime" : 925.0,
    "pct2ResTime" : 925.0,
    "pct3ResTime" : 925.0,
    "throughput" : 3.058103975535168,
    "receivedKBytesPerSec" : 20.003105886850154,
    "sentKBytesPerSec" : 10.288250191131498
  },
  "BirkIntegrationServiceCore.HelloWorld" : {
    "transaction" : "BirkIntegrationServiceCore.HelloWorld",
    "sampleCount" : 3,
    "errorCount" : 0,
    "errorPct" : 0.0,
    "meanResTime" : 284.3333333333333,
    "medianResTime" : 204.0,
    "minResTime" : 129.0,
    "maxResTime" : 520.0,
    "pct1ResTime" : 520.0,
    "pct2ResTime" : 520.0,
    "pct3ResTime" : 520.0,
    "throughput" : 4.392386530014641,
    "receivedKBytesPerSec" : 2.505032942898975,
    "sentKBytesPerSec" : 2.8353198206442163
  }
}