{
  "BirkIntegrationServiceCore" : {
    "transaction" : "BirkIntegrationServiceCore",
    "sampleCount" : 3,
    "errorCount" : 0,
    "errorPct" : 0.0,
    "meanResTime" : 342.33333333333337,
    "medianResTime" : 222.0,
    "minResTime" : 123.0,
    "maxResTime" : 682.0,
    "pct1ResTime" : 682.0,
    "pct2ResTime" : 682.0,
    "pct3ResTime" : 682.0,
    "throughput" : 3.851091142490372,
    "receivedKBytesPerSec" : 2.1963254172015403,
    "sentKBytesPerSec" : 2.485909419127086
  },
  "Total" : {
    "transaction" : "Total",
    "sampleCount" : 9,
    "errorCount" : 3,
    "errorPct" : 33.333332,
    "meanResTime" : 466.8888888888889,
    "medianResTime" : 222.0,
    "minResTime" : 68.0,
    "maxResTime" : 998.0,
    "pct1ResTime" : 998.0,
    "pct2ResTime" : 998.0,
    "pct3ResTime" : 998.0,
    "throughput" : 5.053340819764178,
    "receivedKBytesPerSec" : 12.927801270353735,
    "sentKBytesPerSec" : 7.813596645143178
  },
  "GetBarn" : {
    "transaction" : "GetBarn",
    "sampleCount" : 3,
    "errorCount" : 3,
    "errorPct" : 100.0,
    "meanResTime" : 81.66666666666667,
    "medianResTime" : 72.0,
    "minResTime" : 68.0,
    "maxResTime" : 105.0,
    "pct1ResTime" : 105.0,
    "pct2ResTime" : 105.0,
    "pct3ResTime" : 105.0,
    "throughput" : 28.57142857142857,
    "receivedKBytesPerSec" : 186.88616071428572,
    "sentKBytesPerSec" : 96.12165178571429
  },
  "BirkWorkflowServiceCore.HelloWorld" : {
    "transaction" : "BirkWorkflowServiceCore.HelloWorld",
    "sampleCount" : 3,
    "errorCount" : 0,
    "errorPct" : 0.0,
    "meanResTime" : 976.6666666666666,
    "medianResTime" : 969.0,
    "minResTime" : 963.0,
    "maxResTime" : 998.0,
    "pct1ResTime" : 998.0,
    "pct2ResTime" : 998.0,
    "pct3ResTime" : 998.0,
    "throughput" : 3.006012024048096,
    "receivedKBytesPerSec" : 1.6938173221442885,
    "sentKBytesPerSec" : 1.890499749498998
  },
  "BirkWorkflowServiceCore" : {
    "transaction" : "BirkWorkflowServiceCore",
    "sampleCount" : 3,
    "errorCount" : 0,
    "errorPct" : 0.0,
    "meanResTime" : 976.6666666666666,
    "medianResTime" : 969.0,
    "minResTime" : 963.0,
    "maxResTime" : 998.0,
    "pct1ResTime" : 998.0,
    "pct2ResTime" : 998.0,
    "pct3ResTime" : 998.0,
    "throughput" : 3.006012024048096,
    "receivedKBytesPerSec" : 1.6938173221442885,
    "sentKBytesPerSec" : 1.890499749498998
  },
  "BirkClientServiceCore" : {
    "transaction" : "BirkClientServiceCore",
    "sampleCount" : 3,
    "errorCount" : 3,
    "errorPct" : 100.0,
    "meanResTime" : 81.66666666666667,
    "medianResTime" : 72.0,
    "minResTime" : 68.0,
    "maxResTime" : 105.0,
    "pct1ResTime" : 105.0,
    "pct2ResTime" : 105.0,
    "pct3ResTime" : 105.0,
    "throughput" : 28.57142857142857,
    "receivedKBytesPerSec" : 186.88616071428572,
    "sentKBytesPerSec" : 96.12165178571429
  },
  "BirkIntegrationServiceCore.HelloWorld" : {
    "transaction" : "BirkIntegrationServiceCore.HelloWorld",
    "sampleCount" : 3,
    "errorCount" : 0,
    "errorPct" : 0.0,
    "meanResTime" : 342.33333333333337,
    "medianResTime" : 222.0,
    "minResTime" : 123.0,
    "maxResTime" : 682.0,
    "pct1ResTime" : 682.0,
    "pct2ResTime" : 682.0,
    "pct3ResTime" : 682.0,
    "throughput" : 4.398826979472141,
    "receivedKBytesPerSec" : 2.508706011730205,
    "sentKBytesPerSec" : 2.839477181085044
  }
}