{
  "BirkIntegrationServiceCore" : {
    "transaction" : "BirkIntegrationServiceCore",
    "sampleCount" : 100,
    "errorCount" : 0,
    "errorPct" : 0.0,
    "meanResTime" : 490.9199999999999,
    "medianResTime" : 171.5,
    "minResTime" : 45.0,
    "maxResTime" : 2076.0,
    "pct1ResTime" : 1558.0000000000005,
    "pct2ResTime" : 1785.2499999999995,
    "pct3ResTime" : 2075.1099999999997,
    "throughput" : 9.961151509114453,
    "receivedKBytesPerSec" : 5.680969220041837,
    "sentKBytesPerSec" : 6.430001120629545
  },
  "Total" : {
    "transaction" : "Total",
    "sampleCount" : 200,
    "errorCount" : 0,
    "errorPct" : 0.0,
    "meanResTime" : 434.6299999999999,
    "medianResTime" : 88.0,
    "minResTime" : 2.0,
    "maxResTime" : 2085.0,
    "pct1ResTime" : 1747.2000000000003,
    "pct2ResTime" : 1824.85,
    "pct3ResTime" : 2075.1100000000006,
    "throughput" : 20.030045067601403,
    "receivedKBytesPerSec" : 11.354923009514271,
    "sentKBytesPerSec" : 12.763285553329995
  },
  "BirkWorkflowServiceCore.HelloWorld" : {
    "transaction" : "BirkWorkflowServiceCore.HelloWorld",
    "sampleCount" : 100,
    "errorCount" : 0,
    "errorPct" : 0.0,
    "meanResTime" : 378.3399999999998,
    "medianResTime" : 53.0,
    "minResTime" : 2.0,
    "maxResTime" : 2085.0,
    "pct1ResTime" : 1805.5,
    "pct2ResTime" : 1845.2499999999998,
    "pct3ResTime" : 2083.069999999999,
    "throughput" : 12.221950623319481,
    "receivedKBytesPerSec" : 6.886782724272794,
    "sentKBytesPerSec" : 7.6864611341970175
  },
  "BirkWorkflowServiceCore" : {
    "transaction" : "BirkWorkflowServiceCore",
    "sampleCount" : 100,
    "errorCount" : 0,
    "errorPct" : 0.0,
    "meanResTime" : 378.3399999999998,
    "medianResTime" : 53.0,
    "minResTime" : 2.0,
    "maxResTime" : 2085.0,
    "pct1ResTime" : 1805.5,
    "pct2ResTime" : 1845.2499999999998,
    "pct3ResTime" : 2083.069999999999,
    "throughput" : 12.221950623319481,
    "receivedKBytesPerSec" : 6.886782724272794,
    "sentKBytesPerSec" : 7.6864611341970175
  },
  "BirkIntegrationServiceCore.HelloWorld" : {
    "transaction" : "BirkIntegrationServiceCore.HelloWorld",
    "sampleCount" : 100,
    "errorCount" : 0,
    "errorPct" : 0.0,
    "meanResTime" : 490.9199999999999,
    "medianResTime" : 171.5,
    "minResTime" : 45.0,
    "maxResTime" : 2076.0,
    "pct1ResTime" : 1558.0000000000005,
    "pct2ResTime" : 1785.2499999999995,
    "pct3ResTime" : 2075.1099999999997,
    "throughput" : 10.057326762546516,
    "receivedKBytesPerSec" : 5.7358191692648095,
    "sentKBytesPerSec" : 6.492082998089108
  }
}