{
  "BirkIntegrationServiceCore" : {
    "transaction" : "BirkIntegrationServiceCore",
    "sampleCount" : 100,
    "errorCount" : 0,
    "errorPct" : 0.0,
    "meanResTime" : 350.16999999999996,
    "medianResTime" : 63.5,
    "minResTime" : 46.0,
    "maxResTime" : 1693.0,
    "pct1ResTime" : 1264.2,
    "pct2ResTime" : 1318.9,
    "pct3ResTime" : 1692.94,
    "throughput" : 10.079629069650236,
    "receivedKBytesPerSec" : 5.748538453784901,
    "sentKBytesPerSec" : 6.506479311561335
  },
  "Total" : {
    "transaction" : "Total",
    "sampleCount" : 200,
    "errorCount" : 0,
    "errorPct" : 0.0,
    "meanResTime" : 306.91,
    "medianResTime" : 54.0,
    "minResTime" : 3.0,
    "maxResTime" : 1693.0,
    "pct1ResTime" : 1315.5,
    "pct2ResTime" : 1404.0,
    "pct3ResTime" : 1685.4900000000014,
    "throughput" : 20.36867298095529,
    "receivedKBytesPerSec" : 11.546889321723189,
    "sentKBytesPerSec" : 12.979061640696608
  },
  "BirkWorkflowServiceCore.HelloWorld" : {
    "transaction" : "BirkWorkflowServiceCore.HelloWorld",
    "sampleCount" : 100,
    "errorCount" : 0,
    "errorPct" : 0.0,
    "meanResTime" : 263.66,
    "medianResTime" : 5.0,
    "minResTime" : 3.0,
    "maxResTime" : 1521.0,
    "pct1ResTime" : 1334.7,
    "pct2ResTime" : 1409.6999999999998,
    "pct3ResTime" : 1520.4699999999998,
    "throughput" : 12.32741617357002,
    "receivedKBytesPerSec" : 6.946210089990138,
    "sentKBytesPerSec" : 7.75278907790927
  },
  "BirkWorkflowServiceCore" : {
    "transaction" : "BirkWorkflowServiceCore",
    "sampleCount" : 100,
    "errorCount" : 0,
    "errorPct" : 0.0,
    "meanResTime" : 263.6699999999999,
    "medianResTime" : 5.0,
    "minResTime" : 3.0,
    "maxResTime" : 1521.0,
    "pct1ResTime" : 1334.7,
    "pct2ResTime" : 1409.6999999999998,
    "pct3ResTime" : 1520.4699999999998,
    "throughput" : 12.32134056185313,
    "receivedKBytesPerSec" : 6.94278662518482,
    "sentKBytesPerSec" : 7.748968087727945
  },
  "BirkIntegrationServiceCore.HelloWorld" : {
    "transaction" : "BirkIntegrationServiceCore.HelloWorld",
    "sampleCount" : 100,
    "errorCount" : 0,
    "errorPct" : 0.0,
    "meanResTime" : 350.1600000000001,
    "medianResTime" : 63.5,
    "minResTime" : 46.0,
    "maxResTime" : 1693.0,
    "pct1ResTime" : 1264.2,
    "pct2ResTime" : 1318.9,
    "pct3ResTime" : 1692.94,
    "throughput" : 10.197838058331634,
    "receivedKBytesPerSec" : 5.81595451764226,
    "sentKBytesPerSec" : 6.582784137262901
  }
}