{
  "BirkIntegrationServiceCore" : {
    "transaction" : "BirkIntegrationServiceCore",
    "sampleCount" : 100,
    "errorCount" : 0,
    "errorPct" : 0.0,
    "meanResTime" : 239.49999999999991,
    "medianResTime" : 58.0,
    "minResTime" : 45.0,
    "maxResTime" : 1244.0,
    "pct1ResTime" : 827.7,
    "pct2ResTime" : 1090.55,
    "pct3ResTime" : 1243.77,
    "throughput" : 10.07759750075582,
    "receivedKBytesPerSec" : 5.747379824649803,
    "sentKBytesPerSec" : 6.505167917968357
  },
  "Total" : {
    "transaction" : "Total",
    "sampleCount" : 200,
    "errorCount" : 0,
    "errorPct" : 0.0,
    "meanResTime" : 182.45500000000007,
    "medianResTime" : 51.0,
    "minResTime" : 2.0,
    "maxResTime" : 1244.0,
    "pct1ResTime" : 827.7,
    "pct2ResTime" : 941.4499999999998,
    "pct3ResTime" : 1220.0500000000009,
    "throughput" : 20.403999183840032,
    "receivedKBytesPerSec" : 11.566915552948378,
    "sentKBytesPerSec" : 13.001571745562131
  },
  "BirkWorkflowServiceCore.HelloWorld" : {
    "transaction" : "BirkWorkflowServiceCore.HelloWorld",
    "sampleCount" : 100,
    "errorCount" : 0,
    "errorPct" : 0.0,
    "meanResTime" : 125.41000000000001,
    "medianResTime" : 7.0,
    "minResTime" : 2.0,
    "maxResTime" : 1012.0,
    "pct1ResTime" : 864.2000000000015,
    "pct2ResTime" : 928.0999999999998,
    "pct3ResTime" : 1011.3199999999997,
    "throughput" : 11.67406023815083,
    "receivedKBytesPerSec" : 6.57805933341116,
    "sentKBytesPerSec" : 7.341889446649544
  },
  "BirkWorkflowServiceCore" : {
    "transaction" : "BirkWorkflowServiceCore",
    "sampleCount" : 100,
    "errorCount" : 0,
    "errorPct" : 0.0,
    "meanResTime" : 125.41000000000001,
    "medianResTime" : 7.0,
    "minResTime" : 2.0,
    "maxResTime" : 1012.0,
    "pct1ResTime" : 864.2000000000015,
    "pct2ResTime" : 928.0999999999998,
    "pct3ResTime" : 1011.3199999999997,
    "throughput" : 11.671335200746965,
    "receivedKBytesPerSec" : 6.576523838702148,
    "sentKBytesPerSec" : 7.3401756535947715
  },
  "BirkIntegrationServiceCore.HelloWorld" : {
    "transaction" : "BirkIntegrationServiceCore.HelloWorld",
    "sampleCount" : 100,
    "errorCount" : 0,
    "errorPct" : 0.0,
    "meanResTime" : 239.49999999999991,
    "medianResTime" : 58.0,
    "minResTime" : 45.0,
    "maxResTime" : 1244.0,
    "pct1ResTime" : 827.7,
    "pct2ResTime" : 1090.55,
    "pct3ResTime" : 1243.77,
    "throughput" : 10.21346134204882,
    "receivedKBytesPerSec" : 5.824864671637218,
    "sentKBytesPerSec" : 6.592869088959248
  }
}