{
  "BirkIntegrationServiceCore" : {
    "transaction" : "BirkIntegrationServiceCore",
    "sampleCount" : 100,
    "errorCount" : 0,
    "errorPct" : 0.0,
    "meanResTime" : 181.3399999999999,
    "medianResTime" : 53.0,
    "minResTime" : 44.0,
    "maxResTime" : 1654.0,
    "pct1ResTime" : 573.5000000000006,
    "pct2ResTime" : 1066.7499999999986,
    "pct3ResTime" : 1652.3499999999992,
    "throughput" : 10.079629069650236,
    "receivedKBytesPerSec" : 5.748538453784901,
    "sentKBytesPerSec" : 6.506479311561335
  },
  "Total" : {
    "transaction" : "Total",
    "sampleCount" : 200,
    "errorCount" : 0,
    "errorPct" : 0.0,
    "meanResTime" : 113.77000000000008,
    "medianResTime" : 48.0,
    "minResTime" : 2.0,
    "maxResTime" : 1654.0,
    "pct1ResTime" : 311.00000000000006,
    "pct2ResTime" : 578.7499999999989,
    "pct3ResTime" : 1486.820000000002,
    "throughput" : 20.391517128874387,
    "receivedKBytesPerSec" : 11.559839544249593,
    "sentKBytesPerSec" : 12.993618092373573
  },
  "BirkWorkflowServiceCore.HelloWorld" : {
    "transaction" : "BirkWorkflowServiceCore.HelloWorld",
    "sampleCount" : 100,
    "errorCount" : 0,
    "errorPct" : 0.0,
    "meanResTime" : 46.2,
    "medianResTime" : 3.0,
    "minResTime" : 2.0,
    "maxResTime" : 318.0,
    "pct1ResTime" : 241.8,
    "pct2ResTime" : 291.1999999999996,
    "pct3ResTime" : 317.96,
    "throughput" : 12.289541600098316,
    "receivedKBytesPerSec" : 6.924868655524149,
    "sentKBytesPerSec" : 7.728969521936832
  },
  "BirkWorkflowServiceCore" : {
    "transaction" : "BirkWorkflowServiceCore",
    "sampleCount" : 100,
    "errorCount" : 0,
    "errorPct" : 0.0,
    "meanResTime" : 46.2,
    "medianResTime" : 3.0,
    "minResTime" : 2.0,
    "maxResTime" : 318.0,
    "pct1ResTime" : 241.8,
    "pct2ResTime" : 291.1999999999996,
    "pct3ResTime" : 317.96,
    "throughput" : 12.281994595922379,
    "receivedKBytesPerSec" : 6.920616095553918,
    "sentKBytesPerSec" : 7.724223163841809
  },
  "BirkIntegrationServiceCore.HelloWorld" : {
    "transaction" : "BirkIntegrationServiceCore.HelloWorld",
    "sampleCount" : 100,
    "errorCount" : 0,
    "errorPct" : 0.0,
    "meanResTime" : 181.3399999999999,
    "medianResTime" : 53.0,
    "minResTime" : 44.0,
    "maxResTime" : 1654.0,
    "pct1ResTime" : 573.5000000000006,
    "pct2ResTime" : 1066.7499999999986,
    "pct3ResTime" : 1652.3499999999992,
    "throughput" : 10.206164523372117,
    "receivedKBytesPerSec" : 5.82070320473566,
    "sentKBytesPerSec" : 6.58815893549704
  }
}