{
  "BirkIntegrationServiceCore" : {
    "transaction" : "BirkIntegrationServiceCore",
    "sampleCount" : 100,
    "errorCount" : 0,
    "errorPct" : 0.0,
    "meanResTime" : 346.7300000000002,
    "medianResTime" : 52.5,
    "minResTime" : 44.0,
    "maxResTime" : 1983.0,
    "pct1ResTime" : 1272.2000000000005,
    "pct2ResTime" : 1649.8999999999992,
    "pct3ResTime" : 1981.9599999999996,
    "throughput" : 10.07658202337767,
    "receivedKBytesPerSec" : 5.746800685207578,
    "sentKBytesPerSec" : 6.5045124193873445
  },
  "Total" : {
    "transaction" : "Total",
    "sampleCount" : 200,
    "errorCount" : 0,
    "errorPct" : 0.0,
    "meanResTime" : 311.9749999999999,
    "medianResTime" : 48.0,
    "minResTime" : 2.0,
    "maxResTime" : 2032.0,
    "pct1ResTime" : 1467.0000000000005,
    "pct2ResTime" : 1846.6499999999996,
    "pct3ResTime" : 1982.1300000000008,
    "throughput" : 20.37489812550937,
    "receivedKBytesPerSec" : 11.550418322127138,
    "sentKBytesPerSec" : 12.983028346577017
  },
  "BirkWorkflowServiceCore.HelloWorld" : {
    "transaction" : "BirkWorkflowServiceCore.HelloWorld",
    "sampleCount" : 100,
    "errorCount" : 0,
    "errorPct" : 0.0,
    "meanResTime" : 277.2199999999999,
    "medianResTime" : 3.5,
    "minResTime" : 2.0,
    "maxResTime" : 2032.0,
    "pct1ResTime" : 1819.7,
    "pct2ResTime" : 1869.4499999999998,
    "pct3ResTime" : 2030.6399999999994,
    "throughput" : 11.821728336682822,
    "receivedKBytesPerSec" : 6.66126684596288,
    "sentKBytesPerSec" : 7.434758836741932
  },
  "BirkWorkflowServiceCore" : {
    "transaction" : "BirkWorkflowServiceCore",
    "sampleCount" : 100,
    "errorCount" : 0,
    "errorPct" : 0.0,
    "meanResTime" : 277.2199999999999,
    "medianResTime" : 3.5,
    "minResTime" : 2.0,
    "maxResTime" : 2032.0,
    "pct1ResTime" : 1819.7,
    "pct2ResTime" : 1869.4499999999998,
    "pct3ResTime" : 2030.6399999999994,
    "throughput" : 11.806375442739078,
    "receivedKBytesPerSec" : 6.652615850059031,
    "sentKBytesPerSec" : 7.4251033057851235
  },
  "BirkIntegrationServiceCore.HelloWorld" : {
    "transaction" : "BirkIntegrationServiceCore.HelloWorld",
    "sampleCount" : 100,
    "errorCount" : 0,
    "errorPct" : 0.0,
    "meanResTime" : 346.7300000000002,
    "medianResTime" : 52.5,
    "minResTime" : 44.0,
    "maxResTime" : 1983.0,
    "pct1ResTime" : 1272.2000000000005,
    "pct2ResTime" : 1649.8999999999992,
    "pct3ResTime" : 1981.9599999999996,
    "throughput" : 10.197838058331634,
    "receivedKBytesPerSec" : 5.81595451764226,
    "sentKBytesPerSec" : 6.582784137262901
  }
}