{
  "BirkIntegrationServiceCore" : {
    "transaction" : "BirkIntegrationServiceCore",
    "sampleCount" : 100,
    "errorCount" : 0,
    "errorPct" : 0.0,
    "meanResTime" : 3013.470000000002,
    "medianResTime" : 2533.0,
    "minResTime" : 45.0,
    "maxResTime" : 7650.0,
    "pct1ResTime" : 6634.0,
    "pct2ResTime" : 7170.5,
    "pct3ResTime" : 7648.48,
    "throughput" : 10.07455168245013,
    "receivedKBytesPerSec" : 5.7456427563973405,
    "sentKBytesPerSec" : 6.503201818456579
  },
  "Total" : {
    "transaction" : "Total",
    "sampleCount" : 200,
    "errorCount" : 0,
    "errorPct" : 0.0,
    "meanResTime" : 1732.745000000001,
    "medianResTime" : 723.5,
    "minResTime" : 3.0,
    "maxResTime" : 7650.0,
    "pct1ResTime" : 5757.3,
    "pct2ResTime" : 6635.0,
    "pct3ResTime" : 7495.2800000000025,
    "throughput" : 20.39775624681285,
    "receivedKBytesPerSec" : 11.56337646608873,
    "sentKBytesPerSec" : 12.99759370219276
  },
  "BirkWorkflowServiceCore.HelloWorld" : {
    "transaction" : "BirkWorkflowServiceCore.HelloWorld",
    "sampleCount" : 100,
    "errorCount" : 0,
    "errorPct" : 0.0,
    "meanResTime" : 452.0200000000001,
    "medianResTime" : 423.0,
    "minResTime" : 3.0,
    "maxResTime" : 846.0,
    "pct1ResTime" : 787.9,
    "pct2ResTime" : 808.0,
    "pct3ResTime" : 845.8,
    "throughput" : 41.254125412541256,
    "receivedKBytesPerSec" : 23.24573277640264,
    "sentKBytesPerSec" : 25.944977310231025
  },
  "BirkWorkflowServiceCore" : {
    "transaction" : "BirkWorkflowServiceCore",
    "sampleCount" : 100,
    "errorCount" : 0,
    "errorPct" : 0.0,
    "meanResTime" : 452.0200000000001,
    "medianResTime" : 423.0,
    "minResTime" : 3.0,
    "maxResTime" : 846.0,
    "pct1ResTime" : 787.9,
    "pct2ResTime" : 808.0,
    "pct3ResTime" : 845.8,
    "throughput" : 41.23711340206186,
    "receivedKBytesPerSec" : 23.236146907216497,
    "sentKBytesPerSec" : 25.934278350515466
  },
  "BirkIntegrationServiceCore.HelloWorld" : {
    "transaction" : "BirkIntegrationServiceCore.HelloWorld",
    "sampleCount" : 100,
    "errorCount" : 0,
    "errorPct" : 0.0,
    "meanResTime" : 3013.470000000002,
    "medianResTime" : 2533.0,
    "minResTime" : 45.0,
    "maxResTime" : 7650.0,
    "pct1ResTime" : 6634.0,
    "pct2ResTime" : 7170.5,
    "pct3ResTime" : 7648.48,
    "throughput" : 10.209290454313425,
    "receivedKBytesPerSec" : 5.822485962225626,
    "sentKBytesPerSec" : 6.5901767483409905
  }
}