{
  "BirkIntegrationServiceCore" : {
    "transaction" : "BirkIntegrationServiceCore",
    "sampleCount" : 100,
    "errorCount" : 0,
    "errorPct" : 0.0,
    "meanResTime" : 707.4499999999994,
    "medianResTime" : 430.5,
    "minResTime" : 48.0,
    "maxResTime" : 2789.0,
    "pct1ResTime" : 2076.8000000000006,
    "pct2ResTime" : 2475.3999999999987,
    "pct3ResTime" : 2788.87,
    "throughput" : 10.07658202337767,
    "receivedKBytesPerSec" : 5.746800685207578,
    "sentKBytesPerSec" : 6.5045124193873445
  },
  "Total" : {
    "transaction" : "Total",
    "sampleCount" : 200,
    "errorCount" : 0,
    "errorPct" : 0.0,
    "meanResTime" : 664.3100000000002,
    "medianResTime" : 361.5,
    "minResTime" : 3.0,
    "maxResTime" : 2919.0,
    "pct1ResTime" : 2469.8000000000006,
    "pct2ResTime" : 2559.8,
    "pct3ResTime" : 2788.87,
    "throughput" : 20.41858090862685,
    "receivedKBytesPerSec" : 11.575181852986217,
    "sentKBytesPerSec" : 13.010863323124044
  },
  "BirkWorkflowServiceCore.HelloWorld" : {
    "transaction" : "BirkWorkflowServiceCore.HelloWorld",
    "sampleCount" : 100,
    "errorCount" : 0,
    "errorPct" : 0.0,
    "meanResTime" : 621.17,
    "medianResTime" : 143.5,
    "minResTime" : 3.0,
    "maxResTime" : 2919.0,
    "pct1ResTime" : 2552.8,
    "pct2ResTime" : 2573.3999999999996,
    "pct3ResTime" : 2916.999999999999,
    "throughput" : 12.434717731907485,
    "receivedKBytesPerSec" : 7.006672003233027,
    "sentKBytesPerSec" : 7.8202716985824425
  },
  "BirkWorkflowServiceCore" : {
    "transaction" : "BirkWorkflowServiceCore",
    "sampleCount" : 100,
    "errorCount" : 0,
    "errorPct" : 0.0,
    "meanResTime" : 621.17,
    "medianResTime" : 143.5,
    "minResTime" : 3.0,
    "maxResTime" : 2919.0,
    "pct1ResTime" : 2552.8,
    "pct2ResTime" : 2573.3999999999996,
    "pct3ResTime" : 2916.999999999999,
    "throughput" : 12.408487405385284,
    "receivedKBytesPerSec" : 6.991891829011045,
    "sentKBytesPerSec" : 7.803775282293089
  },
  "BirkIntegrationServiceCore.HelloWorld" : {
    "transaction" : "BirkIntegrationServiceCore.HelloWorld",
    "sampleCount" : 100,
    "errorCount" : 0,
    "errorPct" : 0.0,
    "meanResTime" : 707.4499999999996,
    "medianResTime" : 430.5,
    "minResTime" : 48.0,
    "maxResTime" : 2789.0,
    "pct1ResTime" : 2076.8000000000006,
    "pct2ResTime" : 2475.3999999999987,
    "pct3ResTime" : 2788.87,
    "throughput" : 10.221813349688235,
    "receivedKBytesPerSec" : 5.829627925994072,
    "sentKBytesPerSec" : 6.59826037514055
  }
}