{
  "BirkIntegrationServiceCore" : {
    "transaction" : "BirkIntegrationServiceCore",
    "sampleCount" : 100,
    "errorCount" : 0,
    "errorPct" : 0.0,
    "meanResTime" : 2878.13,
    "medianResTime" : 2631.0,
    "minResTime" : 44.0,
    "maxResTime" : 7164.0,
    "pct1ResTime" : 6113.1,
    "pct2ResTime" : 6687.5999999999985,
    "pct3ResTime" : 7163.72,
    "throughput" : 10.069479407914612,
    "receivedKBytesPerSec" : 5.742749974826302,
    "sentKBytesPerSec" : 6.499927625616756
  },
  "Total" : {
    "transaction" : "Total",
    "sampleCount" : 200,
    "errorCount" : 0,
    "errorPct" : 0.0,
    "meanResTime" : 1705.3049999999998,
    "medianResTime" : 803.0,
    "minResTime" : 3.0,
    "maxResTime" : 7164.0,
    "pct1ResTime" : 5443.900000000001,
    "pct2ResTime" : 6118.549999999998,
    "pct3ResTime" : 7132.4500000000035,
    "throughput" : 20.364524997454435,
    "receivedKBytesPerSec" : 11.54453785256084,
    "sentKBytesPerSec" : 12.976418516444355
  },
  "BirkWorkflowServiceCore.HelloWorld" : {
    "transaction" : "BirkWorkflowServiceCore.HelloWorld",
    "sampleCount" : 100,
    "errorCount" : 0,
    "errorPct" : 0.0,
    "meanResTime" : 532.48,
    "medianResTime" : 510.5,
    "minResTime" : 3.0,
    "maxResTime" : 1264.0,
    "pct1ResTime" : 1046.2,
    "pct2ResTime" : 1156.8999999999992,
    "pct3ResTime" : 1263.6999999999998,
    "throughput" : 37.38317757009346,
    "receivedKBytesPerSec" : 21.064544392523366,
    "sentKBytesPerSec" : 23.51051401869159
  },
  "BirkWorkflowServiceCore" : {
    "transaction" : "BirkWorkflowServiceCore",
    "sampleCount" : 100,
    "errorCount" : 0,
    "errorPct" : 0.0,
    "meanResTime" : 532.48,
    "medianResTime" : 510.5,
    "minResTime" : 3.0,
    "maxResTime" : 1264.0,
    "pct1ResTime" : 1046.2,
    "pct2ResTime" : 1156.8999999999992,
    "pct3ResTime" : 1263.6999999999998,
    "throughput" : 37.38317757009346,
    "receivedKBytesPerSec" : 21.064544392523366,
    "sentKBytesPerSec" : 23.51051401869159
  },
  "BirkIntegrationServiceCore.HelloWorld" : {
    "transaction" : "BirkIntegrationServiceCore.HelloWorld",
    "sampleCount" : 100,
    "errorCount" : 0,
    "errorPct" : 0.0,
    "meanResTime" : 2878.13,
    "medianResTime" : 2631.0,
    "minResTime" : 44.0,
    "maxResTime" : 7164.0,
    "pct1ResTime" : 6113.1,
    "pct2ResTime" : 6687.5999999999985,
    "pct3ResTime" : 7163.72,
    "throughput" : 10.197838058331634,
    "receivedKBytesPerSec" : 5.81595451764226,
    "sentKBytesPerSec" : 6.582784137262901
  }
}